samsunggalaxys4, 2600, samsungGALAXY S4(I9500)
hm, 2000, HM
xiaomim3, 3600, xiaomiM3(Mi3)
vivox3, 2000, vivo X3
samsungi8552, 2000, samsungI8552(GALAXY Win)
xiaomi2s, 2000, xiaomi手机2S(16GB)
meizumx2, 1800, meizuMX2
huaweig520, 1700, huaweiG520
coolpad8085, 1900, coolpad8085
samsunggalaxys3, 2100, samsungGALAXY S3(I9300)
oppofind5, 2500, OPPO Find 5
huaweiascendp6, 2000, huaweiAscend P6
samsungs7562, 1500, samsungS7562
xiaomi2a, 2030, xiaomi手机2A
samsunggalaxynoteiin7100, 3100, samsungGALAXY Note II N7100(16GB)
huaweic8815, 2100, huaweiC8815
n6, 2500, 北斗青葱N6
samsungi9128, 2100, samsungI9128
gioneev182, 4000, gioneeV182
oppofind532gb, 2510, OPPO Find 5 32GB
oppofind5, 2510, OPPO Find 5 电信版
lenovoa390t, 1500, lenovoA390t
s1, 1800, 朵唯S1
vivoy19t, 2000, vivo Y19t
sonyxperiazl36h, 2330, sonyXperia Z L36h
samsungi879, 2100, samsungI879
samsungi8268, 1700, samsungI8268
n6, 2500, 北斗青葱N6(勇气版)
samsungi8558, 2000, samsungI8558(GALAXY Win)
samsungi9152, 2600, samsungI9152(GALAXY MEGA 5.8双卡版)
samsungs7572, 1500, samsungS7572
sonys39h, 2330, sonyS39h(Xperia C)
lenovoa830, 2250, lenovoA830
lenovoa278t, 1500, lenovoA278t
oppofind7, 4000, OPPO Find 7
gioneee5, 2000, gioneeE5
samsunggalaxynote3, 3200, samsungGALAXY Note 3(GALAXY Note III)
n1, 2500, 青橙N1一九四九
coolpads8720, 2000, coolpad炫影S 8720
samsungs7898, 1500, samsungS7898
htcone, 2300, 新HTC One(32GB)
oppor819t, 2000, OPPO R819T
samsungi959, 2600, samsungI959(GALAXY S4电信版)
samsungi9200, 3200, samsungI9200(GALAXY MEGA 6.3/16GB)
vivoy11, 1700, vivo Y11
sonyxl39h, 3000, sonyXL39h(Xperia Z Ultra)
coolpad7269, 1700, coolpad7269
sonyxperiaz1l39h, 3000, sonyXperia Z1 L39h
lenovos820, 2000, lenovoS820
samsungi939d, 2100, samsungI939D (GALAXY SIII电信双卡版)
vivos9, 2000, vivo S9
gioneee6, 2000, gioneeE6
gioneew800, 2300, gioneeW800
huaweiascendg700, 2150, huaweiAscend G700
gioneegn705t, 1800, gioneeGN705T
samsungp709, 2600, samsungP709(GALAXY MEGA 5.8电信版)
coolpad8012, 1250, coolpad8012
coolpad5950, 2500, coolpad5950
samsungi8262d, 1700, samsungI8262D
lenovoa630t, 1700, lenovoA630T
coolpadmaxii7296, 2500, coolpadMAX II 7296
lenovoa656, 2000, lenovoA656
lenovoa766, 2000, lenovoA766
oppoulike2, 2020, OPPO Ulike2(U705t)
coolpad7295, 2000, coolpad7295青春版
oppor809t, 2000, OPPO R809T
huaweiy500, 1730, huaweiY500
samsungs7568, 1500, samsungS7568
zteu807, 1600, zteU807
vivox5, 2500, vivo X5
coolpad8185, 1700, coolpad8185
htcones, 1650, HTC One S
oppox907, 1530, OPPO X907(Finder)
lenovoa820, 2000, lenovoA820
huaweic8813q, 1700, huaweiC8813Q
samsungi939, 2100, samsungI939(GALAXY SIII电信版)
samsunggalaxynoteiin7102, 3100, samsungGALAXY Note II N7102(双卡双待版)
samsungi9158, 2600, samsungI9158(GALAXY MEGA 5.8移动版)
motorolaxt788, 1735, motorolaXT788
gioneegn708t, 2100, gioneeGN708T
oppou2s, 3000, OPPO U2S(U707T)
w6500, 2400, 飞利浦W6500
coolpad8195, 2000, coolpad8195
thlt3, 2000, ThL T3
lenovophones890, 2250, lenovo S890
coolpad7268, 1700, coolpad7268
oppor815t, 1700, OPPO R815T
samsungp729, 3200, samsungP729(GALAXY MEGA 6.3电信版)
samsunggalaxys4zoomc101, 2330, samsungGALAXY S4 Zoom C101
zteu930, 1600, zteU930
huaweiy300c, 1730, huaweiY300C
k-toucht780, 1420, k-touchT780
lenovok900, 2500, lenovoK900(16GB)
gioneee3t, 1800, gioneeE3T
100b, 2200, 百分之百100B(尊享版)
konkav976, 2000, konkaV976(色界3)
motorolaxt531, 1500, motorolaXT531
k-touchu6, 1800, k-touchU6
htcone802d, 2300, 新HTC One 802d(电信版)
alpsg4, 3000, alpsG4高配版
huaweiascendp6, 2000, huaweiAscend P6(电信版)
coolpadsii, 2500, coolpad炫影SII
konkaw900, 1500, konkaW900
sonyxperiavclt25c, 1750, sonyXperia VC LT25c
huaweia199, 2100, huaweiA199
liquids2, 3300, 宏Liquid S2
samsungi739, 1500, samsungI739(GALAXY Trend II)
sonyxperiasllt26ii, 1750, sonyXperia SL LT26ii
huaweig606, 2150, huaweiG606
thl, 2000, ThL 美猴王(W11)
samsungi829galaxystyleduos, 1700, samsungI829 GALAXY Style Duos
zteu808, 1650, zteU808
coolpad7295, 2000, coolpad7295
oppor823t, 1710, OPPO R823T
samsungi759, 1500, samsungI759
htct329t, 1650, HTC T329t
samsungi9082galaxygrandduos, 2100, samsungI9082 GALAXY Grand DUOS(联通定制版)
lenovophonep770, 3500, lenovo P770
samsunggalaxynoteii, 3100, samsungGALAXY Note II(32GB)
coolpad8190q, 1650, coolpad8190Q
samsungi9108, 1650, samsungI9108(GALAXY SII移动版)
w8510, 3300, 飞利浦W8510
vivos7t, 1500, vivo S7t
samsungi9105p, 1650, samsungI9105P(GALAXY SII Plus)
samsungi9128v, 2100, samsungI9128V
samsungs7562i, 1500, samsungS7562i
samsungi9505galaxys4, 2600, samsungI9505 GALAXY S4(四核4G版)
samsungw789, 1500, samsungW789
hisensemirau970, 2000, hisenseMIRA U970
mc002, 3000, 大可乐MC002
zteu930hd, 1800, zteU930HD
huaweig610s, 2150, huaweiG610S
xiaomi2s, 2000, xiaomi手机2S(电信版32GB)
sonym35h, 2370, sonyM35h
vivoxplay, 3400, vivo Xplay(16GB)
hisensemiraeg970, 2000, hisenseMIRA EG970
xiaomi2s, 2000, xiaomi手机2S(32GB)
zteu887, 2000, zteU887
lenovophonea800, 2000, lenovo A800
htct327t, 1650, HTC T327t
lenovoa630, 2500, lenovoA630
oppoulike2, 2020, OPPO Ulike2(U705W)
htcdesire609d, 1860, HTC Desire 609d
lenovoa376, 1500, lenovoA376
samsungi9220galaxynote, 2500, samsungI9220 GALAXY Note
samsungs5830i, 1350, samsungS5830i(GALAXY Ace)
vivoe5, 2500, vivo E5
huaweig525, 1700, huaweiG525
sonyxperiatxlt29i, 1700, sonyXperia TX LT29i
huaweig520s, 1700, huaweiG520S
gioneegn137, 1700, gioneeGN137
lenovos750, 2000, lenovoS750
meizumx, 1700, meizuMX四核(16G)
coolpad90, 1650, coolpad 炫影90(8190)
k-touchv8, 1820, k-touchV8(大黄蜂II)
opporealr817, 1710, OPPO Real R817
lenovos820e, 2000, lenovoS820e(电信版)
motoroladefy+, 1650, motorolaDefy+(ME525+)
motorolamt917, 1780, motorolaMT917(移动Droid RAZR)
w930, 2000, 飞利浦W930
k-touchv9, 1800, k-touchV9(大黄蜂II勇气版)
sonyxperials36h, 1700, sonyXperia L S36h
vivoxplaytd, 3400, vivo Xplay TD版(16GB)
samsungi8160, 1500, samsungI8160(GALAXY Ace 2)
htconemini, 1800, HTC One mini(M4)
lenovoa288t, 1500, lenovoA288t
konkav980, 2000, konkaV980
zteu985, 1800, zteU985(Grand Era)
lgg2, 3000, LG G2
k-touchs5t, 2000, k-touchS5t
gioneex817, 3200, gioneeX817
hikex1, 2300, HIKe X1
lenovophonep700i, 2500, lenovo P700i
coolpad9120, 1700, coolpad9120(大观S)
vivoy3t, 1500, vivo Y3t
coolpad8070d, 1800, coolpad8070D
samsungi9502, 2600, samsungI9502(GALAXY S4联通双卡版32GB)
z3, 3200, 长虹Z3
c770, 1700, 长虹C770
lenovophones850e, 1760, lenovo S850e
sonyxperiavlt25i, 1750, sonyXperia V LT25i
zteu795, 1600, zteU795
samsunggalaxys5, 2600, samsungGALAXY S5
coolpad8122, 1500, coolpad8122
samsungb9388, 1820, samsungB9388
konkav927, 1500, konkaV927
gioneegn868, 1600, gioneeGN868
coolpad7230, 1400, coolpad7230
gioneegn305, 1500, gioneeGN305
gioneegn705w, 1800, gioneeGN705W
lenovophones870e, 2000, lenovo S870e
ztev955, 2000, zteV955
d8, 1900, 朵唯D8
coolpad7260, 1400, coolpad7260
vivox1, 2000, vivo X1
vegairona870, 2150, 泛泰Vega Iron A870
lgnexus4, 2100, LG Nexus 4(16GB)
motorolaxt702, 1390, motorolaXT702(milestone)
k-touchc960t, 1500, k-touchC960t
hisenseu960q, 2000, hisenseU960Q
gioneegn105, 1300, gioneeGN105
vivoy1, 1350, vivo Y1
thlw8, 2000, ThL W8青春版
mirror, 2630, 海尔Mirror
sonyxperiamdual, 1750, sonyXperia M Dual
gioneegn708w, 2100, gioneeGN708W(风华2)
q1, 2000, 北斗小辣椒Q1(四核版)
i96t, 1800, 酷比i96T
coolpad8180, 1500, coolpad8180
huaweiu8836d, 1930, huaweiU8836D(闪耀)
gioneegn700w, 1800, gioneeGN700W
d600, 1400, 朵唯D600
gioneegn168t, 1500, gioneeGN168T
tclj305t, 1500, TCL J305T
konkae900, 1500, konkaE900
coolpad7011, 1300, coolpad7011
s610t, 1600, 酷比S610T
hisensee956, 2000, hisenseE956
t600, 2000, 纽曼大熊猫 T600
tclj320d, 1500, TCL J320D
coolpadw708, 1300, coolpadW708
huaweig330c, 1500, huaweiG330C(C8825D)
huaweit8620, 1250, huaweiT8620
gioneegn135, 1700, gioneeGN135
k-touchw68, 1500, k-touchW68
i96, 1800, 酷比i96
sharpsh530u, 1950, sharpSH530U
gioneec900, 1300, gioneeC900
tclw969, 1300, TCL W969
htconex32gb, 1800, HTC One X(S720e) 32GB
ztev987, 2500, zteV987
lenovoa760, 2000, lenovoA760
samsungi8190n, 1500, samsungI8190N(GALAXY S3 Mini)
samsunggalaxynoteiin7108, 3100, samsungGALAXY Note II N7108(移动版)
samsungi9190galaxys4mini, 1900, samsungI9190 GALAXY S4 Mini
hisensemirat970, 2000, hisenseMIRA T970
sonyxperiaslt26i, 1750, sonyXperia S LT26i
zteu956, 2500, zteU956
huaweiascendmate, 4050, huaweiAscend mate
lenovos868t, 2000, lenovoS868T
gioneee3, 1800, gioneeE3
samsungi9502, 2600, samsungI9502(GALAXY S4联通双卡版16GB)
samsungw999, 1500, samsungW999
samsungi919ugalaxysduos, 1650, samsungI919U GALAXY S Duos
vivos7, 1500, vivo S7
sonyxperiaacroslt26w, 1840, sonyXperia acro S LT26w
z5mini, 2300, 努比亚Z5 Mini
tclidolx, 2000, TCL Idol X(S950)
samsungi9308, 2100, samsungI9308(GALAXY SIII移动版)
samsungi9260, 2100, samsungI9260(GALAXY Premier)
lenovoa670t, 1700, lenovoA670T
lge985, 3140, LG E985(Optimus G Pro)
n890v, 2100, 夏新N890 大V国王版
samsungi9300, 2100, samsungI9300(GALAXY SIII 32GB国际版)
coolpad5891, 2000, coolpad5891
samsunggalaxynoteiin719, 3100, samsungGALAXY Note II N719(电信版)
htcdesire606w, 1860, HTC Desire 606w
htconemax, 3300, HTC One Max(T6/LTE-A)
htcone, 2300, HTC One(M7/16GB)
lenovop780, 4000, lenovoP780
sonyxperiazrm36h, 2300, sonyXperia ZR M36h
htcdesire608t, 1860, HTC Desire 608t
meitukiss, 1800, Meitu Kiss
huaweig610t, 2150, huaweiG610T(移动版)
samsungi9268, 2100, samsungI9268(GALAXY Premier)
xiaomi2s, 2000, xiaomi手机2S(电信版16GB)
a3, 3000, 路虎A3
motorolamotox, 2200, motorolaMOTO X
coolpad8076, 1500, coolpad8076
zteu988s, 2300, zteU988S(Geek移动版)
htcdesirec, 1230, HTC Desire C(A320e)
sonyxperiaplt22i, 1305, sonyXperia P LT22i
huaweiascendd2, 3000, huaweiAscend D2(电信版)
huaweiascendg700t, 2150, huaweiAscend G700T
oppor811, 1520, OPPO R811
zteu819, 2000, zteU819
meizumx2re16gb, 1800, meizuMX2 RE认证版 16GB
samsungi9192, 1900, samsungI9192(GALAXY S4 Mini双卡版)
htcbutterflyx920e, 2020, HTC Butterfly X920e
samsungi9082i, 2100, samsungI9082i(GALAXY GRAND DUOS)
samsungi9300, 2100, samsungI9300联通版(GALAXY S3联通版)
samsungi9250, 1750, samsungI9250(GALAXY Nexus)
samsungi9208, 3200, samsungI9208(GALAXY MEGA 6.3移动版)
lenovos920, 2250, lenovoS920
ztegeekv975, 2300, zteGeek V975
lenovoa820e, 2000, lenovoA820e
huaweiascendp6, 2000, huaweiAscend P6(移动版)
samsunggalaxynoteiin7108d, 3100, samsungGALAXY Note II N7108D(TD-LTE版)
lenovoa308t, 1500, lenovoA308T
samsungi919, 1650, samsungI919(GALAXY S Duos)
samsungb9062, 1650, samsungB9062
samsungi8258, 1500, samsungI8258
samsungi9508, 2600, samsungI9508(GALAXY S4移动版)
oppou701t, 1710, OPPO U701T
coolpad8730, 2000, coolpad8730
lenovophonek860i, 2250, lenovo K860i
htcone802t, 2300, 新HTC One 802t(移动版)
oppor821t, 1700, OPPO R821T
samsungi9305, 2100, samsungI9305(GALAXY SIII LTE)
samsungw899, 1500, samsungW899(臻尊)
samsungw899, 1500, samsungW899(铂金版)
vivov1, 1500, vivo V1
sonyxperiajst26i, 1750, sonyXperia J ST26i
samsungi910016gb, 1650, samsungI9100(GALAXY SII)16GB
huaweic8813, 1700, huaweiC8813
samsungi8250, 1650, samsungI8250
vivoxplay, 3400, vivo Xplay(32GB)
huaweiy320c, 1350, huaweiY320C
sonyxperiaust25i, 1320, sonyXperia U ST25i
sonyxperiaionlt28i, 1900, sonyXperia ion LT28i
ztev956, 1600, zteV956
lenovoa658t, 2000, lenovoA658t
coolpad5879, 2000, coolpad5879
samsungb9120, 1500, samsungB9120(大器2)
lenovoa590, 2000, lenovoA590
huaweic8813d, 1700, huaweiC8813D
huaweiu8860, 1930, huaweiU8860(荣耀 Honor)
coolpad9070+xo, 2900, coolpad9070+XO
zteu817, 1600, zteU817
zten919, 2500, zteN919
htcbutterflys, 3200, HTC Butterfly S
samsungi535, 2050, samsungI535(GALAXY SIII Verizon版)
huaweiascendd2, 3000, huaweiAscend D2(移动版)
sonyxperiatlt30p, 1850, sonyXperia T LT30p
vivox1s, 2000, vivo X1S
htconesc, 1800, HTC One SC(T528d)
lenovoa390, 1500, lenovoA390
coolpadair9150, 1700, coolpadAir 9150
m2, 2000, 北斗小辣椒M2
lenovoa398t, 2000, lenovoA398T
samsungs5831i, 1350, samsungS5831i
samsungm110s, 1500, samsungM110S(Galaxy S)
coolpad5890, 1700, coolpad 炫影5890
n1, 2500, 青橙N1速
coolpad5930, 2000, coolpad5930
lenovophonep700, 2500, lenovo P700
motorolaxt928, 1735, motorolaXT928(电信版Droid RAZR)
htct329d, 1650, HTC T329d
lge975, 2100, LG E975(Optimus G)
coolpad5876, 1700, coolpad5876
meizumx2td, 1750, meizuMX2 TD(16GB)
tiger, 2200, 欧恩Tiger
zteu830, 1500, zteU830
htconex, 1800, HTC One X(16GB)
samsungi619, 1300, samsungI619(GALAXY Ace Dear电信版)
samsungi699, 1500, samsungI699(GALAXY Trend)
samsungi9295galaxys4active, 2600, samsungI9295 GALAXY S4 Active(三防版)
sonyxperiagost27i, 1265, sonyXperia go ST27i
zteu880, 1250, zteU880
motorolaxt685, 1550, motorolaXT685(锋丽)
c3, 2000, 卓普小姿C3
padfoneinfinitya80, 2400, 华硕PadFone Infinity A80(32GB)
huaweig610c, 2150, huaweiG610C
xiaomim1, 1930, xiaomiM1(MIUI)
motorolaxt910, 1780, motorolaXT910(Droid RAZR/锋芒)
htcz510d, 1500, HTC Z510d(双擎S)
htcv, 1650, HTC 新渴望V(T328w)
huaweit9200, 1670, huaweiT9200(Ascend P1移动版)
lgnexus4, 2100, LG Nexus 4(8GB)
huaweit8951, 1700, huaweiT8951(G510移动版)
k-touchu86, 1600, k-touchU86(大黄蜂KISS)
huaweit8950n, 1930, huaweiT8950N
ghongv10, 2700, GHONGV10手机
zten909, 1800, zteN909
ztegrands, 1780, zteGrand S(电信版)
w6, 2000, 长虹W6
v5, 2400, 凡尔纳V5
ztev818, 1500, zteV818
huaweiy220s, 1350, huaweiY220S
sonyxperiaionlt28h, 1840, sonyXperia ion LT28h
htcone, 2300, 新HTC One(单卡版16GB)
samsungi9050, 1650, samsungI9050
samsunggalaxynoteiin7102, 3100, samsungGALAXY Note II N7102 (联通版 32GB)
samsungi929, 1800, samsungI929(GALAXY SII Duos)
samsungi9103galaxyr, 1650, samsungI9103 GALAXY R
sonyxperiasolamt27i, 1320, sonyXperia sola MT27i
gioneegn600, 1600, gioneeGN600
sonyxperiaspm35c, 2300, sonyXperia SP M35c
samsungs6812c, 1300, samsungS6812C(GALAXY Fame)
z5, 2300, 努比亚Z5(16GB)
a9800, 2000, 长虹A9800
htconesu, 1800, HTC One SU(T528W)
lenovoa670t, 1700, lenovoA670t
samsunggalaxys4, 2600, samsungGALAXY S4(I9508C/TD-LTE版)
a860l, 3140, 泛泰A860L
htconest, 1800, HTC One ST(T528t)
lgf200, 2150, LG F200(Optimus Vu II)
lenovophones880i, 2250, lenovo S880i
mc001, 2450, 大可乐MC001手机
k-touchs5, 2000, k-touchS5
zten980, 2500, zteN980
k-touchu81t, 1700, k-touchU81t
konkak5, 2200, konka 凡高秘语K5
k-touchc666t, 1420, k-touchC666t
samsungi779, 1650, samsungI779
samsungs6818, 1300, samsungS6818(GALAXY Fame)
samsungi9008l, 1500, samsungI9008L
huaweiy310, 1500, huaweiY310
vertuti, 1250, Vertu TI
coolpad5210d, 1300, coolpad5210D
k-toucht586, 1200, k-touchT586
htconext, 1800, HTC One XT(S720t)
lenovophones720, 2000, lenovo S720
coolpad8150d, 1500, coolpad8150D
k-toucht619+, 1420, k-touchT619+
coolpad7295+, 2000, coolpad7295+
am788, 1850, 阿斯顿马丁AM788
lenovophonea298t, 1500, lenovo A298t
motorolaxt800, 1390, motorolaXT800
coolpad8150, 1700, coolpad8150
tclp606t, 1800, TCL P606T
zteu793, 1150, zteU793
oppofind5, 2500, OPPO Find 5(移动版)
zteu950, 2000, zteU950
motorolamt788, 1735, motorolaMT788
gioneegn878, 2100, gioneeGN878
hisenseeg929, 1420, hisenseEG929
coolpads+, 2000, coolpad炫影S+ (8720Q)
motorolamotox, 2200, motorolaMOTO X 开发者版
coolpad7500, 1300, coolpad7500
huaweig330d, 1500, huaweiG330D (U8825D)
huawei+g600, 1930, huawei荣耀+ G600(联通版U8950D)
huawei+g600t, 1930, huawei荣耀+ G600T(移动版T8950)
meizumx232gb, 1800, meizuMX2 32GB
huaweiascendp2, 2420, huaweiAscend P2
samsungi8262, 1800, samsungI8262(GALAXY Core)
oppofind5mini, 2500, OPPO Find 5 Mini
hisensee820, 1500, hisenseE820
n3, 2500, 北斗青葱N3
gioneegn205, 1550, gioneeGN205
onetouchidolx, 2000, 阿尔卡特One Touch Idol X
samsungi579, 1350, samsungI579
samsungi9001, 1650, samsungI9001(GALAXY S Plus)
samsungi909, 1500, samsungI909(电信版SPhone)
samsungi9228, 2500, samsungI9228(移动版GALAXY Note)
xiaomi1s, 1930, xiaomi手机1S (电信官翻版)
samsungi9150, 2600, samsungI9150(GALAXY MEGA 5.8)
lenovophonek860, 2250, lenovo K860
k-touche88, 2000, k-touchE88
huawei+g600c, 1930, huawei荣耀+ G600C(电信版C8950D)
z5, 2300, 努比亚Z5(32GB)
htcz710t, 1520, HTC 灵感 Z710t(移动版)
htcvc, 1650, HTC 新渴望VC(T328d)
htcvt, 1650, HTC 新渴望VT(T328t)
sonyxperianeolmt25i, 1460, sonyXperia neo L MT25i
lenovophonea789, 2000, lenovo A789
vivos12, 2000, vivo S12
opporealr801, 1500, OPPO Real R801
hisenset930, 1630, hisenseT930
motorolame863, 1500, motorolaME863(里程碑3)
vivos6, 1880, vivo S6
huaweig520, 1700, huaweiG520(联通版)
lgp880, 2150, LG P880(Optimus 4X HD)
coolpad8020, 1600, coolpad8020
lenovophonea798t, 2000, lenovo A798t
g1, 2000, 果冻G1
coolpad5855, 1400, coolpad5855
ztegrandmemo, 3200, zteGrand Memo
ztev967s, 2500, zteV967S
k2, 3000, 纽曼锋芒K2(16GB)
huaweic8812, 1350, huaweiC8812
motorolamt887, 1750, motorolaMT887(RAZR V移动版)
vivox3, 2000, vivo X3联通版
lenovophonea765e, 1700, lenovo A765e
hikepandora2, 2550, HIKe PANDORA 2
f13, 2500, 北斗小旋风F13(标配版)
zten983, 2070, zteN983
motorolaxt882, 1880, motorolaXT882
huaweiascendp1, 1670, huaweiAscend P1(U9200)
vivos3, 1500, vivo S3
oppou701, 1710, OPPO U701
lgp765, 2100, LG P765(Optimus L9)
k-toucht6, 1800, k-touchT6
coolpad9960, 2000, coolpad9960(大观HD)
htce1, 2100, HTC E1(603e)
zten986, 2300, zteN986
liquids1, 2400, 宏Liquid S1
d50, 1500, 朵唯D50
samsungs6812, 1300, samsungS6812(GALAXY Fame)
samsunggalaxynoteiilten7105, 3100, samsungGALAXY Note II LTE N7105
samsungi9070, 1500, samsungI9070(GALAXY S Advanced)
samsungi8150, 1500, samsungI8150(GALAXY W)
samsungs7566, 1500, samsungS7566
samsungi9003, 1650, samsungI9003(GALAXY S)
xiaomi2s, 2000, xiaomi手机2S(联通版)
xiaomi1s, 1930, xiaomi手机1S(官翻版)
2x, 3000, 大可乐2X
meizumx2td, 1750, meizuMX2 TD(32GB)
d833, 2400, 飞利浦D833
lgp705, 1700, LG P705(Optimus L7 )
lenovophonea660, 1500, lenovo乐phone A660
lenovoa698t, 1500, lenovoA698t
konkav981, 2200, konka凡高V981
lenovoa706, 2000, lenovoA706
vivos11, 2000, vivo S11
thlw9, 2300, ThL W9超越
coolpad9900, 1800, coolpad9900
coolpad8010, 1200, coolpad8010
coolpad8020+, 1250, coolpad8020+
coolpad7235, 1500, coolpad7235
huaweiu8833, 1730, huaweiU8833(Y300)
k-toucht789, 1500, k-touchT789
t939, 2000, 飞利浦T939
htct327d, 1650, HTC T327d
htct329w, 1650, HTC T329w
samsungi9100g, 1650, samsungI9100G
lglu6200, 1830, LG LU6200(Optimus LTE)
samsungi9205, 3200, samsungI9205(GALAXY MEGA 6.3)
coolpad8950, 1900, coolpad8950
gioneee6mini, 3000, gioneeE6 Mini
oppofind3, 1520, OPPO Find 3(X905)
motorolaxt889, 1780, motorolaXT889(RAZR V电信版)
motorolaxt910maxx, 3300, motorolaXT910 MAXX(Droid RAZR MAXX)
coolpad8060, 1600, coolpad8060
mc003, 4000, 大可乐MC003
htcincredibles, 1450, HTC  Incredible S(G11)
zteu960s3, 2000, zteU960s3
lenovoa66, 1500, lenovoA66
huaweiy320, 1350, huaweiY320(联通版)
htcevo4g, 1500, HTC EVO 4G(A9292 S版)
j4, 2900, 云狐J4
zten881f, 2000, zteN881F
huaweis8600spark, 2000, huaweiS8600 Spark(火花)
motorolaxt615, 1390, motorolaXT615
d300, 1500, 朵唯D300
t9600, 2400, 波导T9600
k-touchw95, 2000, k-touchW95
alteka14leo, 1020, Altek  A14 LEO
gioneegn180, 2500, gioneeGN180
coolpad5910, 1700, coolpad5910
zteu880f1, 1600, zteU880F1
huaweiy220t, 1500, huaweiY220T
d9, 1800, 朵唯D9
ztegrands, 1780, zteGrand S
htcsensation, 1520, HTC Sensation (G14)
huaweic8860e, 1930, huaweiC8860E(Honor/荣耀 电信版)
htcz560e, 1650, HTC Z560e(One S微博版)
coolpad8050, 1300, coolpad8050
gioneegn787, 2000, gioneeGN787
gioneegn818t, 1800, gioneeGN818T
huaweit8833, 1730, huaweiT8833
huaweiascendg350, 1730, huaweiAscend G350
a2, 3000, 路虎A2
huaweiascendg710, 2150, huaweiAscend G710
x1, 1800, 小宇宙X1
zteu791, 1150, zteU791
hisensee912s, 1300, hisenseE912S
motoroladroidmini, 2000, motorolaDroid Mini
gioneec620, 3000, gioneeC620
lenovoa519, 2000, lenovoA519
samsungs5820, 1500, samsungS5820
samsungs5838, 1350, samsungS5838
z7, 4000, 努比亚Z7
lenovophones880, 2250, lenovo S880
magic1, 1700, 迪士尼Magic 1
huaweic8650, 1400, huaweiC8650
x7, 1800, 现代X7
gioneegn800, 2100, gioneeGN800
m701, 2000, 中国移动M701
gioneegn106, 1300, gioneeGN106
d10, 2100, 朵唯D10
zten881e, 1600, zteN881E
conquestknightxv, 1950, Conquest Knight XV
thlw8, 2000, ThL W8(超越版)
gioneegn777, 2000, gioneeGN777
lenovophonea600e, 2500, lenovo A600e
lenovopada2105, 2500, lenovo乐Pad A2105
ztev889s, 1600, zteV889S
huaweiy310s, 1350, huaweiY310S
m1, 2000, 北斗小辣椒M1
alpsg4, 1850, alpsG4标准版
ztev889f, 1600, zteV889F
zteu795+, 1600, zteU795+
zten880g, 2000, zteN880G
t310, 1400, 酷比T310
huaweiascendd2, 3000, huaweiAscend D2(联通版)
f9, 2100, 北斗小旋风F9
coolpad9100, 1700, coolpad9100
coolpad5211, 1500, coolpad5211
coolpad5860s, 1700, coolpad5860S
coolpad8870, 2000, coolpad8870
coolpad7020, 1300, coolpad7020
samsungi8550, 2000, samsungI8550(GALAXY Win)
i2, 1500, 北斗小辣椒I2 (安卓版)
k-touchw656, 1500, k-touchW656
k-touche806, 1800, k-touchE806
n828v, 2050, 夏新N828 大V王子版
k-touchkissu90, 2000, k-touchKissU90 初恋版
zten807, 1600, zteN807
htcs720tonext, 1800, HTC S720t One XT(16GB)
lenovophonea520, 1500, lenovo A520
huaweiy210c, 1700, huaweiY210C
sonyxperiaspm35t, 2370, sonyXperia SP M35t
ztegrands, 1780, zteGrand S(移动版)
lenovoa630e, 2500, lenovoA630e
coolpad9930, 1900, coolpad9930
huaweit9510e, 2600, huaweiT9510E(Ascend D1)
tcls820, 1800, TCL S820
lenovoa370e, 1500, lenovoA370e(电信版)
htcdesire500, 1800, HTC Desire 500
thl, 2000, ThL 美猴王青春版
coolpad5216d, 1500, coolpad5216D
vivos1, 1930, vivo S1
vivoe3, 2000, vivo E3
vivov2, 1880, vivo V2
opporealr807, 1520, OPPO Real R807
oppor805, 1400, OPPO R805
w910, 1760, 海尔W910(360特供机超级战舰)
hisenset912, 1300, hisenseT912
hisensee926, 2000, hisenseE926
motoroladroidrazrmaxxhd, 3300, motorolaDROID RAZR MAXX HD
motorolaxt890, 2000, motorolaXT890(RAZR i)
motorolaxt883, 1500, motorolaXT883(Droid 3电信版)
motorolaxt320, 1650, motorolaXT320(Defy Mini)
motorolaxt681, 1390, motorolaXT681(锋丽)
motorolaxt390, 1390, motorolaXT390
motoroladroidx, 1540, motorolaDroid X(电信版ME811)
motorolamt680, 1390, motorolaMT680
lenovoa760t, 2000, lenovoA760t
meizumx, 1600, meizuMX双核(16G)
sonyxperiaul, 2300, sonyXperia UL
lenovoa770e, 1300, lenovoA770e
sugarss129, 2350, SUGAR SS129(16GB优雅版)
w832, 2400, 飞利浦W832
vivoe1, 1220, vivo E1
htcsensationxe, 1730, HTC Sensation XE(G18)
gioneegn810, 3000, gioneeGN810
oppor819, 2000, OPPO R819
v10, 2700, 长虹V10
ztev965, 2000, zteV965
tcly910, 3400, TCL Y910
sonyericssonlt18i, 1500, sonyericssonLT18i(Xperia arc S)
d910t, 1500, 朵唯D910T
hikephantom2, 2200, HIKe PHANTOM 2
samsungs5830, 1350, samsungS5830(GALAXY Ace)
coolpad7266, 1500, coolpad7266
k-touchu7, 1600, k-touchU7
gioneegn360, 1500, gioneeGN360
lenovophonea530, 1500, lenovo A530
runbox5, 3800, Runbo X5(联通版)
a790t, 1700, 酷比智青春A790T
meizumx2re32gb, 1800, meizuMX2 RE认证版 32GB
meizumx2td, 1750, meizuMX2 TD(64GB)
x7, 1800, 现代X7加强版
x3, 2600, 美晨X3
htcdesire300, 1650, HTC Desire 300(301e)
samsungi9018, 1500, samsungI9018
samsungs6352, 1300, samsungS6352(GALAXY Ace Dear)
samsungs5698, 1500, samsungS5698(GALAXY Xcover移动版)
samsungs6358, 1300, samsungS6358(GALAXY Ace Dear移动版)
samsungi8530, 2000, samsungI8530(GALAXY Beam)
samsungs5368, 1200, samsungS5368
samsungn7005, 2500, samsungN7005(GALAXY Note LTE)
samsungi889, 2500, samsungI889(GALAXY Note电信版)
samsungs7500, 1300, samsungS7500(GALAXY Ace Plus)
samsungs6812i, 1300, samsungS6812i (GALAXY Fame)
samsungs6818v, 1300, samsungS6818V(GALAXY Fame)
samsungi589, 1650, samsungI589(GALAXY Ace DUOS)
samsungi9000, 1500, samsungI9000(Galaxy S 8GB)
samsungi997infuse4g, 1750, samsungI997 Infuse 4G
oppox903, 1500, OPPO X903(find me)
samsungd710, 1650, samsungD710
samsunge120l, 1850, samsungE120L(Galaxy SII HD LTE)
w626, 1530, 飞利浦W626
lenovos899t, 2000, lenovoS899t
lenovophonea360, 1500, lenovo乐phone A360
w732, 2400, 飞利浦W732
lenovophonea700e, 1700, lenovo A700e
lenovophonea580, 1700, lenovo A580
w736, 2400, 飞利浦W736
sharpsh-02e, 2320, sharpSH-02E
w8355, 3000, 飞利浦W8355
w737, 2400, 飞利浦W737
x519, 920, 飞利浦X519
i5, 1500, 奥克斯I5
tclj610, 1800, TCL J610
samsunggalaxynoteiin7102i, 3100, samsungGALAXY Note II N7102i (联通版双卡版)
meizumx264gb, 1800, meizuMX2 64GB
htcdesire5088, 1860, HTC Desire 5088
d900, 1500, 朵唯D900
i1314, 1500, 朵唯i1314
h5018, 1400, 长虹H5018
z1, 3000, 长虹Z1
htcdesire600, 1860, HTC Desire 600
k-touchkis1, 2000, k-touchKis 1
vivos6t, 1880, vivo S6T
samsunggalaxytrend2duos, 1500, samsungGALAXY Trend 2 Duos
alpsg3, 2100, alpsG3
lenovoa790e, 1500, lenovoA790e
geakmars, 3200, 盛大GEAK Mars
zteu960s, 1400, zteU960s
lgnexus4, 2100, LG Nexus 4(白色)
zteu880e, 1650, zteU880E
zten970, 1600, zteN970
zten880e, 1650, zteN880E
ztev889m, 1650, zteV889M
ztev985, 1800, zteV985(Grand Era)
zten880f, 1600, zteN880F
thlw7, 2300, ThL W7
ztegrandmemo, 3200, zteGrand Memo(移动版16GB)
v5t, 2400, 凡尔纳V5T
gioneegn181, 3000, gioneeGN181
gioneee6, 2000, gioneeE6(联通版)
gioneegn330, 2000, gioneeGN330
gioneegn136, 1500, gioneeGN136
gioneegn868h, 1600, gioneeGN868H
gioneegn700t, 1800, gioneeGN700T
lgf120k, 1700, LG F120K(Optimus LTE Tag)
zten880s, 1250, zteN880S
v9, 2000, 长虹V9
thlt1, 1500, ThL T1
lenovophones680, 1760, lenovo S680
k-touchw710, 2150, k-touchW710
lgoptimusl5iie460, 1700, LG Optimus L5 II E460
meizum9, 1370, meizuM9(8G)
htcwildfires, 1230, HTC Wildfire S(G13)
v8, 1500, 长虹V8
z1s, 3000, 长虹Z1S
htcdesirehd, 1230, HTC Desire HD(G10)
lenovophonep70, 2000, lenovo P70
ievad5, 1450, 朵唯iEva D5
k-touchs757, 2000, k-touchS757
k-touchw806+, 1800, k-touchW806+
139w1, 2000, 139易 大易W1
samsungs7275, 1800, samsungS7275(GALAXY Ace 3)
lenovoa780, 1500, lenovoA780
gioneegn777e, 2000, gioneeGN777E
lenovophones686, 1760, lenovo S686
w536, 1630, 飞利浦W536
samsunggalaxys4, 2600, samsungGALAXY S4(64GB)
w1, 4050, 奥克斯W1
lenovoa60, 1500, lenovoA60
oppot703, 1500, OPPO T703
huaweiu8661, 1250, huaweiU8661
sonyxperiasxmt28i, 1500, sonyXperia SX MT28i
tcls800, 1800, TCL S800
huaweiy210, 1700, huaweiY210(8685D)
huaweiascendmate, 4050, huaweiAscend mate 低配版
zteu970, 1600, zteU970
lenovophonea710e, 1500, lenovo A710e
huaweig309tpro, 1500, huaweiG309T Pro( T8830 Pro )
zteu880f, 1650, zteU880F
j3, 3000, 云狐J3
ztevital, 2500, zteVital
k2, 3000, 纽曼锋芒K2(32GB)
vegalte-a, 3100, 泛泰Vega LTE-A
padfone, 1520, 华硕PadFone
htcevo3d, 1730, HTC EVO 3D(G17)
vivoe1t, 1220, vivo E1t
zteu960d, 1600, zteU960D
samsungi8260, 1800, samsungI8260(GALAXY Core)
xiaomim1-onec1, 1930, xiaomiM1-ONE C1(电信版)
gioneegn108, 1500, gioneeGN108
max, 2000, 酷比MAX
huaweic8810, 1400, huaweiC8810(Ascend G300C)
huaweic8650+, 1250, huaweiC8650+
huaweiu8818, 1350, huaweiU8818(Ascend G300)
huaweiu9510e, 2600, huaweiU9510E(Ascend D1 四核 XL)
huaweiascendp1xl, 2600, huaweiAscend P1 XL(U9200E)
huaweiu9500, 1800, huaweiU9500(Ascend D1)
huaweiascendmate, 4050, huaweiAscend mate(移动版)
n2, 2500, 纽曼N2战斗版
motorolaxt300, 1130, motorolaXT300
m35, 1350, 纽曼M35
ievad7, 1300, 朵唯iEva D7
a820l, 1830, 泛泰A820L
lenovophonea690, 1500, lenovo A690
meizumx2, 1800, meizuMX2(联通版)
vivos9t, 2000, vivo S9t
huaweiascendp3, 2000, huaweiAscend P3
thlw74g, 2300, ThL W7四核版4G
v936, 2000, 奥克斯V936
huaweiu8951, 1700, huaweiU8951(G510联通版)
zteu805, 1200, zteU805
konkav920, 1650, konkaV920
gioneegn100, 1280, gioneeGN100
xiaomi1s, 1930, xiaomi手机1S青春版
samsungt959, 1500, samsungT959(Galaxy S)
w632, 2100, 飞利浦W632
huaweiy210s, 1700, huaweiY210S
n91, 1680, 酷比N91
samsungs7270, 1500, samsungS7270(GALAXY Ace 3)
konkav917, 1500, konkaV917
m601, 1500, 中国移动M601
coolpad8810, 1300, coolpad8810
coolpadw706, 1300, coolpadW706
coolpad7019, 1500, coolpad7019
coolpad5860+, 1500, coolpad5860+
coolpad7728, 1600, coolpad7728
coolpad5880, 1500, coolpad5880
coolpadd539, 2500, coolpadD539
coolpad5832, 1700, coolpad5832
coolpad8710, 1700, coolpad8710
coolpad90w, 1800, coolpad 炫影90W(7290)
coolpad5230, 1400, coolpad5230
coolpad5213, 1500, coolpad5213
coolpad5210a, 1300, coolpad5210A
gioneec600, 1450, gioneeC600
ievad3, 1500, 朵唯iEva D3
coolpad5870, 1400, coolpad5870
ievad210t, 1500, 朵唯iEva D210T
lenovophonea586, 1700, lenovo A586
ztev790, 1200, zteV790
v999, 3000, 奥克斯V999
k7, 1600, 欧恩K7四核
gioneee5, 2000, gioneeE5(移动版)
gioneegn160t, 2500, gioneeGN160T
e600t, 1300, 夏新E600T
k-touchw719, 1420, k-touchW719
k-touchu9, 1760, k-touchU9
k-touchu8, 1800, k-touchU8 蜂景
k-toucht760, 1500, k-touchT760
k-touchw760, 1420, k-touchW760
k-touche616, 1600, k-touchE616
k-touchv5touch, 2800, k-touchV5 大黄蜂Touch
a860w, 2800, 夏新A860w(大V骑士版)
k-touchw655, 1400, k-touchW655
tclp606, 1800, TCL P606
tcls850, 1820, TCL S850
tclp600, 1800, TCL P600
m2s, 1500, 青橙M2S
m3, 2000, 青橙M3
htct327w, 1650, HTC T327w
htca310e, 1230, HTC 达人A310e
i8, 1600, 万利达I8
samsungi9000, 1500, samsungI9000(Galaxy S 16GB)
meizum9re, 1370, meizuM9 RE(8G)
ztev880+, 1250, zteV880+(Blade II)
w635, 1630, 飞利浦W635
ztev889d, 1650, zteV889D
t500, 1450, 酷比T500(大S)
thlw7, 2300, ThL W7四核版(8GB)
i93, 2100, 酷比i93
ztegrandmemo, 3200, zteGrand Memo(移动版8GB)
lgoptimusgj, 2210, LG Optimus GJ
geakeye, 2000, 盛大GEAK Eye
v926d, 1500, 奥克斯V926D
gioneegn380, 1550, gioneeGN380
coolpad8022, 1500, coolpad8022
huaweic8812+, 1500, huaweiC8812+
motoroladroidmaxx, 3500, motorolaDROID MAXX
k-toucht81, 1800, k-touchT81
100as, 1900, 百分之百100AS
sugarss129, 2350, SUGAR SS129(32GB璀璨版)
konkav926, 1500, konkaV926
s803, 1500, 七喜S803
s801, 1500, 七喜S801
h715, 2500, 七喜H715
hisenseu8, 1630, hisenseU8
hisenset950, 1900, hisenseT950
hisenseu930, 1630, hisenseU930
hisenseu950, 1900, hisenseU950
hisenseeg950, 1900, hisenseEG950
hisensee912, 1300, hisenseE912
hisenset92, 1630, hisenseT92
hisenset96, 1630, hisenseT96
hisensee956q, 1700, hisenseE956Q
hisenset9, 2000, hisenseT9
w718, 2000, 海尔W718
motorolaxt885, 1750, motorolaXT885(RAZR V)
motoroladroidrazrhd, 2500, motorolaDROID RAZR HD
motorolame632, 1390, motorolaME632(Pro+)
motoroladroid4, 1785, motorolaDroid 4(Milestone 4)
motoroladroidhd, 1735, motorolaDROID HD(ME865)
motorolaatrix2, 1735, motorolaAtrix 2(ME865)
motoroladefyxt535, 1650, motorolaDefy XT535
motorolaxt760, 1650, motorolaXT760
motorolaxt536, 1650, motorolaXT536
motorolaxt862, 1500, motorolaXT862(Droid 3)
motorolaxt800+, 1390, motorolaXT800+
motorolaatrix4g, 1880, motorolaAtrix 4G(ME860)
motorolamb855, 1650, motorolaMB855(Photon 4G)
motorolamt870, 1880, motorolaMT870
w6350, 1630, 飞利浦W6350
htconexl, 1800, HTC One XL
alpsg2s, 2200, alpsG2s
motorolaxt316, 1390, motorolaXT316
huaweit8100, 1200, huaweiT8100
htcsensationxl, 1600, HTC Sensation XL(G21)
zten855d, 1650, zteN855D
v8, 2000, 欧恩V8子弹头
tcly710, 2500, TCL Y710
w850, 2000, 海尔W850
motoroladefy, 1500, motorolaDefy(ME525)
huaweic8850, 1400, huaweiC8850(Vision 远见电信版)
s306, 1350, 酷比S306(小S)
k1, 2500, 纽曼K1
thlt2, 1250, ThL T2
t539, 1630, 飞利浦T539
hisenset958, 1700, hisenseT958
htcx710eraider4g, 1620, HTC X710e Raider 4G(G19)
bambooks1, 1930, 盛大Bambook S1(16GB)
n1, 1700, 纽曼N1
zteu960s2, 1400, zteU960s2
w7376, 2400, 飞利浦W7376
coolpad8295m, 2000, coolpad8295M
coolpad8079, 1500, coolpad8079
oppor811w, 1520, OPPO R811W
motorolaxt912, 1780, motorolaXT912(Droid RAZR)
coolpad5860, 1700, coolpad5860
coolpad7990, 1800, coolpad7990
k9, 1600, 中恒K9
htcjbutterfly, 1810, HTC J Butterfly
hisenset909, 1630, hisenseT909
sonyxperiam, 1750, sonyXperia M
lenovoa365e, 1500, lenovoA365e
motorolamotox, 2200, motorolaMOTO X 谷歌版
d1, 1500, 爱国者D1
t550, 1500, 酷比T550
huaweic8826d, 1930, huaweiC8826D(G500C)
i90, 1680, 酷比i90
tclj320t, 1500, TCL J320T
i92, 3000, 酷比i92
tclj620, 2000, TCL J620
tcls300t, 1400, TCL S300T
zteskatev960, 1400, zteskate V960
gioneegn109, 1300, gioneeGN109
xiaomi1s, 1930, xiaomi手机1S(M1S)
tcls600, 1500, TCL S600
ztev970grandx, 1650, zteV970 Grand X
hisenseeg906, 1850, hisenseEG906
konkae5680, 1650, konkaE5680
h706, 1850, 七喜H706
gioneec800, 1800, gioneeC800
tcly900, 2500, TCL Y900
hisenseu958, 1700, hisenseU958
zteu790, 1200, zteU790
i710, 1500, 海尔I710
lenovoa750e, 2000, lenovoA750e
t5001, 1500, 奥克斯T5001
coolpad8150s, 1500, coolpad8150S
v9, 2600, 欧恩V9四核画王
sx30+, 1600, 中恒SX30+
sharpsh630e, 1600, sharpSH630E
samsungi569, 1350, samsungI569
samsungb5330, 1200, samsungB5330(Galaxy Chat)
samsungi659, 1500, samsungI659
samsungs5660, 1350, samsungS5660(GALAXY Gio)
samsungs5570, 1200, samsungS5570(Galaxy Mini)
samsungs6102, 1300, samsungS6102(Galaxy Y Duos)
samsungs6102e, 1300, samsungS6102E
samsungs5300galaxypocket, 1200, samsungS5300 Galaxy Pocket
samsungi339, 1200, samsungI339
samsungi509, 1200, samsungI509(GALAXY Y)
samsungs5360, 1200, samsungS5360(GALAXY Y)
samsungs7508, 1300, samsungS7508(Galaxy Ace Plus)
samsungs5690, 1500, samsungS5690(GALAXY Xcover)
samsungs5670, 1350, samsungS5670(Galaxy  Fit)
samsungi8730galaxyexpress, 2000, samsungI8730 GALAXY Express
motorolaxt800w, 1390, motorolaXT800w
samsungm100s, 1500, samsungM100S(Galaxy Apollo)
htcdream, 1150, HTC Dream(G1)
samsungi7500, 1500, samsungI7500
htchero, 1500, HTC Hero(G3)
motorolamorrison, 1420, motorolaMorrison(MB200)
samsungi5700, 1500, samsungI5700(Galaxy Spica)
lggw620, 1500, LG GW620
htcdroideris, 1300, HTC Droid Eris
motorolaxt610droidpro, 1420, motorolaXT610 Droid Pro
samsungm130lgalaxyu, 1500, samsungM130L Galaxy U
motorolaquenchxt5, 1270, motorolaQuench XT5
htcmytouch3gslide, 1300, HTC MyTouch 3G Slide
samsungt959v, 1500, samsungT959V
motorolabravo, 1540, motorolaBravo
a6188w, 1340, 多普达A6188W
ihkcreepad, 3240, iHKC reepad
htcdroidincredible, 1300, HTC  Droid Incredible
motorolaxt720, 1420, motorolaXT720
samsungi5500, 1200, samsungI5500(Galaxy 5)
zter750, 1500, zteR750
a10, 1500, 华硕A10
hydro, 1500, 京瓷Hydro
rise, 1500, 京瓷Rise
sonyericssonsk19i, 1200, sonyericssonSK19i
motorolapax, 1860, motorolaPax
samsungi9101, 1650, samsungi9101(GALAXY SII)
samsungreplenishm580, 1160, samsungReplenish M580
lgphoenix, 1500, LG Phoenix
samsunggalaxyneo, 1500, samsungGalaxy Neo(M220L)
htcmerge, 1300, HTC Merge
dellflash, 1300, dellFlash
betouche120, 1500, 宏beTouch E120
betouche400, 1090, 宏beTouch E400
a60, 1230, 首派A60(16GB)
samsungi6500u, 1500, samsungI6500U
samsungtransform, 1500, samsungTransform
sharp003sh, 1390, sharp003SH
lgoptimusm, 1500, LG Optimus M
ztestyles, 1350, zteStyle S
zteu810, 1280, zteU810
lgp610s, 1280, LG P610s
sonyericssonxperiaduo, 2500, sonyericssonXperia Duo
samsungsch-i405, 1800, samsungSCH-i405(Stratosphere)
samsunggalaxympro, 1350, samsungGALAXY M Pro
samsunggalaxyprecedent, 1500, samsungGalaxy Precedent(M828C)
gphone, 1500, 技嘉GPhone
betouche210, 1300, 宏beTouch E210
betouche140, 1300, 宏beTouch E140
a8, 1020, 爱国者A8
viewpad4, 1400, 优派ViewPad4
ot-910, 1300, 阿尔卡特OT-910
samsunggalaxyprob7510, 1350, samsungGalaxy Pro B7510
lgoptimusbig, 1500, LG Optimus Big
htchd7s, 1230, HTC HD7S(T9295)
samsungi9188, 1650, samsungI9188
motorolazn4, 950, motorolaZN4
samsunggalaxyteos, 1500, samsungGalaxy Teos
sonyericssonxperiagx1, 1500, sonyericssonXperia GX1(Candela)
sonyericssons004, 930, sonyericssonS004
samsungsch-i500, 1500, samsungSCH-I500(Fascinate)
htchddual, 1800, HTC HD Dual
motorolatitanium, 1820, motorolaTitanium
motorolamb508, 1170, motorolaMB508(Sage)
motoroladevoura555, 1420, motorolaDevour A555(Calgary)
samsunggalaxyyproduos, 1200, samsungGalaxy Y Pro DUOS
motorolaopusone/i1, 1400, motorolaOpus One/i1
htcbravo, 1400, HTC Bravo
samsungm900, 1440, samsungM900(Moment)
htctide, 1300, HTC Tide
samsunggalaxynaos, 1500, samsungGalaxy Naos
dellsmoke, 1170, dellSmoke
dellaero, 920, dellAero
htcbee, 1300, HTC Bee
motorolagreco, 1270, motorolaGreco(XT3/XT5)
motorolawx445, 1150, motorolaWX445(Citrus)
samsunggalaxyk, 1500, samsungGalaxy K
htcspark, 1300, HTC Spark
htclexicon, 1300, HTC Lexicon(Lexikon)
samsungm920, 1500, samsungM920
lgoptimust, 1500, LG Optimus T
htcgratia, 1200, HTC Gratia(Aria欧版)
samsungi5510, 1200, samsungi5510(Galaxy 551)
samsungr910, 1500, samsungR910
lgapex, 1500, LG Apex
htcs610d, 1400, HTC 纵横 S610d(Merge行货版)
htcdesiresv, 1620, HTC Desire SV
ztet807, 1600, zteT807(Blade C)
huaweiu8500, 1150, huaweiU8500(HiQQ版)
htcthunderbolt4g, 1400, HTC Thunderbolt 4G(霹雳)
a80t, 1600, 首派A80t
liquidmini, 1300, 宏 Liquid mini(法拉利定制版)
lgoptimusq2, 1500, LG Optimus Q2
lgesteem, 1500, LG  Esteem
breakout, 1500, 泛泰Breakout
samsungi897, 1500, samsungI897(Captivate)
samsungvibrant4g, 1650, samsungVibrant 4G(Galaxy S 4G)
sonyericssonx10minipro, 930, sonyericssonX10mini Pro(U20i)
samsungi8520beam, 1800, samsungI8520 Beam
hisensee90, 1500, hisenseE90
a60s, 1230, 首派A60s
samsungi5800, 1500, samsungI5800(Galaxy 3)
v808, 1000, 飞利浦V808
htctattoo, 1100, HTC Tattoo(G4)
a6188, 1340, 多普达A6188(Magic)
htchero200, 1350, HTC Hero200
dellthunder, 1400, dellThunder
zten700, 1450, zteN700
samsungi899, 1440, samsungi899
huaweiu8220, 1500, huaweiU8220(Pulse)
hisensee9, 1300, hisenseE9
huaweiu8230, 1500, huaweiU8230
samsungi5801, 1500, samsungI5801(Galaxy 3)
sharpsh-07d, 1520, sharpSH-07D
hisenset80, 1200, hisenseT80
motoroladroid2, 1400, motorolaDroid 2
motorolacliq2, 1420, motorolaCliq 2(Begonia/Alpha)
lgp500, 1500, LG P500(Optimus One)
liquida1, 1350, 宏Liquid A1(S100)
betouche110, 1500, 宏beTouch E110
liquide, 1350, 宏Liquid e
huaweiu8110, 1150, huaweiU8110
huaweiu8100, 1150, huaweiU8100
dellvenue, 1400, dellVenue
dellstreak5opusone, 1530, dellStreak 5(M01M) Opus One
ztex876/raise, 1500, zteX876/Raise
coolpadw711, 1280, coolpadW711
lgoptimusone, 1500, LG Optimus One
samsungi5508, 1200, samsungI5508
motorolaxt301, 1170, motorolaXT301
motorolaxt806lx, 1380, motorolaXT806lx
motoroladroid2global, 1420, motorolaDroid 2 Global
htcvision, 1400, HTC Vision(T-Mobile G2)
tclc993, 1500, TCL C993
ot-990m, 1300, 阿尔卡特OT-990M(奢华版)
ot-891, 1000, 阿尔卡特OT-891
lenovophone, 1500, lenovo(3GC101)
motorolaxt626, 1880, motorolaXT626
htca315c, 1300, HTC 野火A315c
lgp503, 1500, LG P503
htca3380, 1300, HTC野火 A3380
a60, 1230, 首派A60(2GB)
a60, 1230, 首派A60(8GB)
f-10d, 1800, 富士通F-10D
ot-980, 1150, 阿尔卡特OT-980
huaweiu8652, 1400, huaweiU8652(Fusion/Jengu)
zteskaten960, 1400, zteSkate N960
hisensee86, 1300, hisenseE86
betouche130, 1500, 宏beTouch E130
s120, 1500, 宏S120(Liquid Metal)
coolpade239, 1280, coolpadE239
m18, 1540, 长虹M18
samsunghercules, 1850, samsungHercules(T989)
ztev9, 3400, zteV9
samsungi9020, 1500, samsungI9020(Nexus S)白色版
samsungi9020, 1500, samsungI9020(Nexus S)
sharpsh8118u, 1190, sharpSH8118U（点心）
a6288, 1350, 多普达A6288(Hero)
a3288, 1100, 多普达A3288
a6388, 1300, 多普达A6388(天姿)
a8188, 1500, 多普达A8188(如意)
huaweiu8850, 1400, huawei玉兰花U8850
hisensee910, 1630, hisenseE910
samsungi515, 1850, samsungI515(C网版Galaxy Nexus)
lenovophonea1, 1500, lenovo乐phone A1(乐Phone Mini联通版)
htcexplorer, 1230, HTC Explorer
samsunge110s, 1750, samsungE110S(Celox)
coolpad8811, 1280, coolpad8811
motorolamb300, 1380, motorolaMB300
sonyericssone16i, 1200, sonyericssonE16i(Xperia W8)
motorolaa1260, 1130, motorolaA1260
zten600+, 1000, zteN600+
lgthrill4g, 1500, LG Thrill 4G
htcchacha, 1250, HTC ChaCha(G16)
sonyericssonst15i, 1200, sonyericssonST15i(Xperia mini)
htcstatus, 1250, HTC Status(AT&T定制版)
htca3360, 1300, HTC野火 A3360
motorolame511, 1130, motorolaME511(MB511)
htconexxl, 1800, HTC One XXL
htcdroidincredible2, 1450, HTC Droid Incredible2
s300, 1500, 宏S300(Iconia Smart)
motorolaxt603, 1860, motorolaXT603(Admiral)
samsungt759exhibit4g, 1500, samsungT759 Exhibit 4G
ztev882lord, 1500, zteV882 Lord
ztescorem, 1500, zteScore M
zten860, 1250, zteN860
ztestyleq, 1200, zteStyle Q
ztev2, 1100, zteV2
samsungrepp, 1500, samsungRepp
ztemt73, 1100, zteMT73
samsunggalaxysiiwimax, 1850, samsungGalaxy SII WiMAX
lgaxis, 1500, LG Axis
ot-890d, 1000, 阿尔卡特OT-890D
samsungi927, 1650, samsungI927(Galaxy S Glide)
ztewarp, 1600, zteWarp
zteaqua, 1600, zteAqua
htc3dx515m, 1730, HTC 夺目3D X515m(联通版)
htcinspire4g, 1230, HTC Inspire 4G
ztet82, 1900, zteT82(Grand X LTE)
sharpsh8298u, 1180, sharpSH8298U
htcevoshift4g, 1500, HTC Evo Shift 4G(A7373)
sharpsh8158u, 1320, sharpSH8158U
g1310, 1260, 技嘉G1310(GSmart G1310)
g1305, 1100, 技嘉G1305
g1345, 1500, 技嘉G1345
lgp930, 1830, LG P930
sonyericssonst17i, 1200, sonyericssonST17i(Xperia active)
motoroladroidx2, 1540, motorolaDroid X2
htca8180, 1400, HTC A8180(渴望,G7行货版)
htcmytouch4g, 1400, HTC MyTouch 4G(S910m)
huaweiascend2, 3000, huaweiAscend2
coolpadd530, 1280, coolpadD530
sharpsh837u, 1900, sharpSH837U
lgoptimusregard, 1700, LG Optimus Regard
lgoptimustruehdlte, 1830, LG Optimus True HD LTE
samsungb5510, 1200, samsungB5510(GALAXY Y PRO)
htc3dx515d, 1730, HTC 夺目3D X515d(电信版)
htca6390, 1300, HTC A6390
htcc510e, 1520, HTC微客 C510e
htca9188, 1400, HTC A9188(天玺)
htcs, 1450, HTC 渴望S(S510e)
htcevo3d, 1730, HTC EVO 3D(GSM版)
htcsalsa, 1520, HTC Salsa(G15)
huaweiideosx6, 1400, huaweiIdeos X6(U9000)
coolpad5010, 1400, coolpad5010
htcs728e, 2100, HTC S728e(One X+)
lenovoa30t, 1130, lenovoA30t
lgoptimus2x, 1500, LG Optimus 2X
lgoptimus3d, 1500, LG Optimus 3D(P920)
lgp999, 1500, LG P999(Optimus G2x,T版 Optimus 2x)
lgoptimus3dmax, 1520, LG Optimus 3D MAX(P725)
lgmarquee, 1500, LG Marquee
lgp990, 1500, LG P990(star) 白色版
ztex500solar, 1500, zteX500 Solar
ztev760, 1500, zteV760
lenovophones2, 1500, lenovo乐phone S2(移动版)
sharpsh7228u, 960, sharpSH7228U
k-touchw606, 1500, k-touchW606
n90, 1630, 夏新N90
sharpsh320t, 1250, sharpSH320T
n310, 1300, 夏新N310
konka5560s, 1100, konka5560S
lglucid4g, 1700, LG Lucid 4G(Cayman)
samsungi910032gb, 1650, samsungI9100(Galaxy SII)32GB
samsungi415, 1800, samsungI415(Stratosphere II)
d20, 1760, 中恒D20
hisenseeg960, 2000, hisenseEG960
lenovophones760, 1760, lenovo S760
motorolaxt865, 1750, motorolaXT865(Droid Bionic)
motorolame502, 1130, motorolaME502(charm)
motorolaxt881electrify2, 1780, motorolaXT881 Electrify 2
samsungi727, 1850, samsungI727 (Galaxy SII Skyrocket)
htcx, 1650, HTC 新渴望X(Desire X T328e)
lgp930, 1830, LG P930(Nitro HD,AT&T版Optimus 4G LTE)
huaweiu8500, 1150, huaweiU8500
sharpsh7218u, 960, sharpSH7218U
onetouchstar, 1500, 阿尔卡特One Touch Star
samsungm340s, 1350, samsungM340S(Galaxy M)
samsungi847, 1650, samsungI847(Rugby Smart)
v430, 1200, 优派V430
ztepf112, 1650, ztePF112
htcevoone, 2650, HTC EVO One
huaweiu8832d, 2000, huaweiU8832D
ztev6500, 1400, zteV6500
lgls860, 1700, LG LS860(Cayenne)
lgus730, 1700, LG US730(Splendor)
htczeta, 1830, HTC Zeta
coolpad8809, 1450, coolpad8809
samsungs5578, 1200, samsungS5578
lgspirit4g, 2150, LG Spirit 4G
htcvivid, 1620, HTC Vivid
sharp102sh, 1520, sharp102SH
sharp104sh, 1520, sharp104SH
arrowsz, 1460, 富士通Arrows Z(ISW11F)
f-12c, 1460, 富士通F-12C
motorolaelectrify, 1700, motorolaElectrify(Photon 4G定制版)
f-07d, 1400, 富士通F-07D
sharpsh-01d, 1520, sharpSH-01D
sharp007shkt, 1433, sharp007SH KT
onetouchsnap, 1800, 阿尔卡特One Touch Snap
onetouchsnaplte, 2200, 阿尔卡特One Touch Snap LTE
ztefashiontv, 1250, zteFashionTV
sharpis14sh, 1030, sharpIS14SH
arrowsesis12f, 1400, 富士通Arrows ES IS12F
t72, 1450, 夏新T72
burst, 1650, 泛泰Burst
n79+, 1450, 夏新N79+
sharpsh-06d, 1520, sharpSH-06D
xiaomim1, 1930, xiaomiM1(联通版)
lenovophone, 1500, lenovo(3GW100)
lenovophonea1, 1500, lenovo乐phone A1(乐Phone Mini)
sharpsh-01e, 1660, sharpSH-01E
htconesv, 1800, HTC One SV
g1350, 1750, 技嘉G1350
gioneegn215, 1550, gioneeGN215
lgoptimus3dcubesu870, 1520, LG Optimus 3D Cube SU870
arrowsxlte, 1400, 富士通Arrows X LTE
htcdroidincredible4glte, 1700, HTC Droid Incredible 4G LTE
htcones, 1650, HTC One S特别版
lenovoa68e, 1300, lenovoA68e
motorolaxt711, 1390, motorolaXT711
onetouchscribeeasy, 2500, 阿尔卡特One Touch Scribe Easy
sonyericssonsk17i, 1200, sonyericssonSK17i (Xperia mini pro)
samsungi777, 1650, samsungi777
coolpadn930, 1300, coolpadN930
sonyxperiae, 1500, sonyXperia E
zteflash, 1780, zteFlash
htconex+, 1800, HTC One X+
ztep945, 3000, zteP945
googlenexuss, 1500, googleNexus S
googlenexusprime, 2000, googleNexus Prime(Galaxy Nexus)
lgoptimuslte2, 2150, LG Optimus LTE 2(VS930)
ztegrandxin, 1650, zteGrand X IN
ztebladeiii, 1600, zteBlade III
meizumx16gbre, 1700, meizuMX新双核16GB RE版
meizumx, 1700, meizuMX四核(32G RE)
gioneegbw870a, 3000, gioneeGBW870A
htcdesires, 1450, HTC Desire S(G12)
samsungi9210, 1850, samsungI9210(Galaxy SII LTE)
sharpsh-09d, 1900, sharpSH-09D
ztev983, 2000, zteV983
ztev807, 1600, zteV807(Blade C)
gioneecbt1805, 1800, gioneeCBT1805
lgoptimuswhite, 1500, LG Optimus White(P970)
hisenseu909, 1630, hisenseU909
lenovoa390e, 1300, lenovoA390e
opporealr803, 1400, OPPO Real R803
huaweiascendg526, 1950, huaweiAscend G526
n80w, 1200, 海尔N80W
dellmini5, 1530, dellmini 5(Streak)
lgvs920, 1500, LG VS920
lenovophones1, 1500, lenovo S1
lggt540, 1500, LG GT540
sonyxperiatipodualst21i, 1500, sonyXperia tipo dual ST21i
sonyxperiamirost23i, 1500, sonyXperia miro ST23i
sonyxperiatipost21i, 1500, sonyXperia tipo ST21i
ztev880g, 2000, zteV880G(Blade G)
htclegend, 1300, HTC Legend(G6)
lgoptimusf7, 2540, LG Optimus F7
sonyericssonlt15i, 1500, sonyericssonLT15i(Xperia Arc  X12)
vegalte, 1830, 泛泰Vega LTE
sharp106sh, 1900, sharp106SH
motorolaelectrifym, 2000, motorolaElectrify M
sonyxperiaedual, 1500, sonyXperia E dual
sharpsh-04e, 2000, sharpSH-04E
motorolarazrd1, 1785, motorolaRAZR D1
huaweipremia4g, 1650, huaweiPremia 4G
htct326hdesirep, 1620, HTC T326h Desire P
lenovophone, 1500, lenovo(3GW101)
sonyericssonx10i, 1500, sonyericssonX10i(Rachael)
zteme, 1670, zteMe
huaweic8550, 1050, huaweiC8550
htcdesirel, 1800, HTC Desire L
samsungi9088, 1500, samsungI9088(联通版SPhone)
f-03d, 1460, 富士通F-03D(Arrows Kiss)
meizum9re, 1350, meizuM9 RE (不含存储卡)
zteu960, 1500, zteU960
v726, 2100, 飞利浦V726
w820, 2100, 飞利浦W820
ztev6700, 1400, zteV6700
lgoptimusf5, 2150, LG Optimus F5
motoroladroidx, 1540, motorolaDroid X(国际版)
ztegranderalte, 1780, zteGrand Era LTE
d822, 2000, 飞利浦D822
coolpad5820, 1300, coolpad5820
h9, 1300, 现代H9
h6, 1300, 现代H6
gioneegbw192, 1800, gioneeGBW192
huaweic8600, 1500, huaweiC8600
motorolaa1680, 1130, motorola明A1680
samsungb7810, 1200, samsungB7810(GALAXY M Pro)
huaweiascendp2mini, 3000, huaweiAscend P2 mini
htcs710d, 1450, HTC 惊艳 S710d( Incredible S电信版)
samsunggalaxyrugbyproi547, 1850, samsungGalaxy Rugby Pro I547
zteu935, 2500, zteU935
samsungs6310, 1300, samsungS6310(GALAXY Young)
htcone, 2300, HTC One(M7/64GB)
samsunggalaxycentura, 1500, samsungGALAXY Centura
ztegrandx2in, 2000, zteGrand X2 In
htconenexus, 2300, HTC One Nexus
huaweidp-01, 2600, huaweiDP-01
motorolaxt500, 1230, motorolaXT500
hisensee89, 1000, hisenseE89
huaweic8800, 1500, huaweiC8800
sonyericssonst18i, 1500, sonyericssonST18i(Xperia ray)
lgnexus4, 2100, LG Nexus 4(LTE版)
samsungsgh-t939beholdii, 1500, samsungSGH-T939 BeholdII
h12, 1500, 现代H12
lge405f, 1500, LG E405f
lgoptimusl3e400, 1500, LG Optimus L3 E400
lgoptimusmep350, 1280, LG Optimus me P350
lgoptimusnetp690, 1500, LG Optimus Net P690
lge510, 1500, LG E510
lgp693, 1500, LG P693
lgoptimusproc660, 1500, LG Optimus pro C660
lgoptimussole730, 1500, LG  Optimus Sol E730
samsungs5570i, 1200, samsungS5570i(Galaxy Pop Plus)
samsungs5280, 1200, samsungS5280 (GALAXY Star)
samsungs5282, 1200, samsungS5282 (GALAXY Star)
motorolatwist, 940, motorolaTwist
motorolaxt502, 1230, motorolaXT502
motorolame501, 1390, motorolaME501(Quench)
motorolame600, 1380, motorolaME600(Backflip)
motorolamilestone, 1390, motorolaMilestone(里程碑)
motoroladroida855, 1400, motorolaDroid(Sholes) A855
motorolamb200, 1420, motorolaMB200(CLIQ/DEXT)
n818, 2050, 夏新N818
lgp993, 1500, LG P993(Optimus 2X 擎天)
htcz710e, 1520, HTC 灵感 Z710e(联通版)
padfone2, 2140, 华硕PadFone 2(32GB)
padfone2, 2140, 华硕PadFone 2
samsungb9150galaxyq, 3500, samsungB9150 Galaxy Q
htcc715eevodesign, 1730, HTC C715e EVO Design
samsunggalaxymusics6012, 1300, samsungGalaxy Music S6012
huaweiu8651, 1400, huaweiU8651(Prism)
htcevo4glte, 1800, HTC EVO 4G LTE
motorolaxt897, 1785, motorolaXT897(Photon Q 4G LTE)
w188, 1500, 波导W188
htca810e, 1250, HTC A810e(ChaCha)
liquidz2, 1300, 宏Liquid Z2
arrowsvf-04e, 2420, 富士通Arrows V F-04E
w800, 1700, 波导W800
samsungs6802, 1300, samsungS6802(GALAXY Ace DUOS)
coolpadn950, 1300, coolpadN950
gioneec700, 1800, gioneeC700
sharpsh-06e, 2600, sharpSH-06E
lenovoa66t, 1450, lenovoA66t
meizum9, 1370, meizuM9(16G)
sharpsh-10d, 1900, sharpSH-10D
lenovophones2, 1500, lenovo乐phone S2
lgoptimusf3, 2460, LG Optimus F3
samsunggt-i9000, 1500, samsungGT-I9000(Galaxy S 粉色)
sonyericssonmt11i, 1500, sonyericssonMT11i(Xperia neo V)
sharp203sh, 2200, sharp203SH
hisenset908, 1630, hisenseT908
lgoptimusl7iidual, 2460, LG Optimus L7 II Dual
lenovophonek2, 1760, lenovo K2
gioneegn138, 1700, gioneeGN138
huaweiu8650, 1250, huaweiU8650
htcdesirez, 1300, HTC Desire Z
meizumx, 1700, meizuMX新双核(16G)
meizumx, 1700, meizuMX四核(64GB)
coolpadn916, 1500, coolpadN916
lgoptimusl4, 1700, LG Optimus L4(双卡版)
lgoptimusf6, 2150, LG Optimus F6
zteimperial, 2500, zteImperial
xiaomi1s, 1930, xiaomi手机1S(联通版)
huaweiprism, 1750, huaweiPrism Ⅱ
lgoptimusl4, 1700, LG Optimus L4
lgoptimusl4ii, 1700, LG Optimus L4 II
htcdesire, 1400, HTC Desire(G7)
n88w, 1600, 海尔N88W
konkaw810, 1250, konkaW810
motorolaxt907, 2000, motorolaXT907(RAZR M)
huaweiascendg615, 2150, huaweiAscend G615
arrowsa202f, 3020, 富士通Arrows A 202F
lge510optimusglare, 1500, LG E510 Optimus Glare
coolpad7005, 1300, coolpad7005
hisenseu860, 1630, hisenseU860
htcdroiddna, 2020, HTC Droid DNA
htcdesire200, 1230, HTC Desire 200
htcwildfireg8, 1300, HTC Wildfire G8(野火)
huaweiascendp1lte, 1800, huaweiAscend P1 LTE
tclj630, 1600, TCL J630
tclj600t, 1600, TCL J600T
lenovoa560e, 1500, lenovoA560e
huaweic8655, 1250, huaweiC8655
htcfirst, 2000, HTC First
htcs710e, 1450, HTC 惊艳 S710e(Incredible S国行版)
onetouchscribehd, 2500, 阿尔卡特One Touch Scribe HD
crossover, 1500, 泛泰Crossover
lgoptimusblack, 1500, LG Optimus Black(P970)
sonyericssonmt15i, 1500, sonyericssonMT15i(Xperia neo)
sonyericssonwt19i, 1200, sonyericssonWT19i(Live with Walkman)
lgp698, 1500, LG P698
m28, 1500, 长虹M28
lgp940, 1540, LG  P940(Prada 3.0)
lgf100s, 2080, LG F100S(Optimus Vu)
lenovoa366t, 1300, lenovoA366t
nec909e, 1430, NEC 909e
lenovophones560, 2000, lenovo乐phone S560
lenovophonea370, 1500, lenovo A370
hisenseu850, 1300, hisenseU850
discover, 2100, 泛泰Discover
sharpsh837m, 1900, sharpSH837M
motorolarazrd3, 2000, motorolaRAZR D3
zten9510c, 2070, zteN9510C
ztegrandmemo, 3200, zteGrand Memo(U9815/TD-LTE版)
motorolame722, 1390, motorolaME722(里程碑2)
tcld662, 1500, TCL D662
tcls700t, 2000, TCL S700T
tcls700, 2000, TCL S700
tcla968, 1500, TCL A968
tcls710, 1800, TCL S710
tcls500, 1500, TCL S500
at390, 1500, 宏AT390
sonima1, 2000, Sonim A1
hisenseet919, 1700, hisenseET919
konkae5670, 1150, konkaE5670
k-touchs2, 2200, k-touchS2
tclj210c, 1300, TCL J210C
n79, 1450, 夏新N79
konkae860, 1200, konkaE860
v930, 3000, 奥克斯V930
v928, 1500, 奥克斯V928
v963, 1800, 奥克斯V963
m939+, 1400, 奥克斯M939+
v920, 1800, 奥克斯V920
v990, 1930, 奥克斯V990(四核至尊版)
v926t, 1500, 奥克斯V926T
v990, 1930, 奥克斯V990
v926, 1500, 奥克斯V926
v980, 1800, 奥克斯V980
v900, 1400, 奥克斯V900
v929, 1800, 奥克斯V929
m959, 1400, 奥克斯M959
k8, 1430, 中恒K8
t-02d, 1800, 东芝T-02D
xiaomi1s, 1930, xiaomi手机1S (电信版)
zten760, 1350, zteN760
ievad708, 1100, 朵唯iEva D708
ievad770, 1500, 朵唯iEva D770
ievad710, 1500, 朵唯iEva D710
sx30, 1600, 中恒SX30
a73, 1450, 基伍A73
g90, 4800, 基伍G90
f700, 3600, 基伍F700
g3d, 1500, 基伍G3D
f500, 1500, 基伍F500
a72, 1500, 基伍A72
k-touche800, 2000, k-touchE800
konkae810, 1350, konkaE810
motorolaatrixhd, 1780, motorolaATRIX HD(MB886)
htcj, 1810, HTC J(ISW13HT)
tcld768, 1800, TCL D768
v988, 1800, 奥克斯V988
tclj630t, 1600, TCL J630T
n62, 1600, 酷比N62
a690, 1500, 酷比A690
n66, 1350, 酷比N66
i60, 2100, 酷比I60
n69, 1350, 酷比蝶恋花N69
a106, 1500, 酷比A106
a109, 1600, 酷比A109
a660, 1500, 酷比A660
n60, 1400, 酷比N60
i95, 3000, 酷比i95
t600, 1450, 酷比T600
v8, 1500, 欧恩V8时尚版
v8, 2550, 欧恩V8画王
tclj300, 1400, TCL J300
htca3366, 1300, HTC A3366(野火)
coolpad8013, 1280, coolpad8013
hisensee920, 1630, hisenseE920
xiaomim1, 1930, xiaomiM1 官翻版
sharpsh330u, 1200, sharpSH330U
samsungs7272, 1500, samsungS7272(GALAXY Ace 3)
samsungi437, 2000, samsungI437(GALAXY Express)
samsungs7110galaxyxcover2, 1700, samsungS7110 GALAXY Xcover 2
samsungs6810, 1300, samsungS6810(GALAXY Fame)
samsungi9080galaxygrand, 2100, samsungI9080 GALAXY Grand
samsungs5301galaxypocketplus, 1200, samsungS5301 GALAXY Pocket Plus
gioneegn103, 1400, gioneeGN103
gioneegn200, 1400, gioneeGN200
gioneegn210, 1550, gioneeGN210
gioneegn320, 1550, gioneeGN320
gioneegn170, 2500, gioneeGN170
gioneec500, 1450, gioneeC500
alpsg2, 2050, alpsG2双核(移动版)
alpsg2, 2050, alpsG2双核版
gioneetd500, 1300, gioneeTD500
vegax, 1500, 泛泰Vega X
motorolaxprt, 1860, motorolaXPRT
htcs, 1230, HTC 野火S(A510c)
tclj310, 1400, TCL J310
a86, 1600, 基伍A86
meizumx, 1700, meizuMX四核(32G)
gnotem, 2000, 经纬GnoteM
g95, 2500, 基伍G95
gnote, 2000, 经纬Gnote
gnote2, 2750, 经纬Gnote2
ztegrandmemo, 3200, zteGrand Memo(移动版32GB)
ztev881, 1500, zteV881(Aglaia)
zteu885, 1650, zteU885
zteu788, 1400, zteU788
ztev961, 1400, zteV961
zteu806, 1200, zteU806
ztev788d, 1400, zteV788D
v960, 1800, 奥克斯V960
zten790, 1200, zteN790
zteu788+, 1400, zteU788+
thlv12, 1300, ThL V12
thlv11, 1650, ThL V11
thlw5, 2000, ThL W5
thlw1, 1550, ThL W1(青春版)
thla2, 2000, ThL A2(双核版)
thlw2, 3000, ThL W2 (双核版)
thla2, 2000, ThL A2
thlw1, 1550, ThL W1
thlw6, 2300, ThL W6
thlv9, 1550, ThL V9
thlw1, 1550, ThL W1(双核版)
hikephantomti, 2200, HIKe PHANTOM TI
hikepandoraqi, 2550, HIKe PANDORA QI
gioneegn107, 1500, gioneeGN107
gioneegn125, 1800, gioneeGN125
gioneegn205h, 1500, gioneeGN205H
htcaria, 1200, HTC Aria(G9)
lenovoa668t, 1500, lenovoA668t
gioneegn315, 1700, gioneeGN315
tcld920, 2000, TCL D920
zteu880s2, 1400, zteU880s2
k-toucht580, 1200, k-touchT580
gioneegn858, 1700, gionee月光GN858
a209, 1500, 酷比A209
zten600, 1000, zteN600
lgp355, 1280, LG P355
lgoptimusl5, 1500, LG Optimus L5(E612)
h11, 1500, 现代H11
gioneec605, 1700, gioneeC605
m910+, 1500, 奥克斯M910+
padfone2, 2140, 华硕PadFone 2(64GB)
konkaeg928, 2200, konkaEG928
k-touchw686, 2000, k-touchW686
lenovoa60+, 1500, lenovoA60+
sharpsh930w, 2100, sharpSH930W
hisenseu9, 2000, hisenseU9
lenovoa750, 2000, lenovoA750
huaweis8520, 1400, huaweiS8520
huaweit8500, 1250, huaweiT8500
huaweiu8812d, 1350, huaweiU8812D(Ascend G302D)
huaweit8808d, 1500, huaweiT8808D(Ascend G 306T)
huaweiu9500e, 2600, huaweiU9500E(Ascend D1 XL)
huaweiu8850, 1400, huaweiU8850(Vision 远见)
huaweiu8520, 1500, huaweiU8520
huaweiu8800+, 1500, huaweiU8800+
nm850, 1650, 纽曼NM850
nx, 1650, 纽曼NX
motorolaxt300, 1170, motorolaXT300(Spice)
htcs, 1230, HTC 野火S(A510e)
lenovoa300, 2000, lenovoA300
ztev880, 1250, zteV880
lgoptimusl5iiduale455, 1700, LG Optimus L5 II Dual E455(双卡版)
ievad2, 1500, 朵唯iEva D2
coolpadw770, 1500, coolpadW770
coolpad7019a, 1300, coolpad7019A
coolpad8026, 1300, coolpad8026
s903, 1800, 美晨S903
s901, 1600, 美晨S901
s901+, 1600, 美晨S901+
x1, 2000, 美晨X1
coolpadw706+, 1300, coolpadW706+
bambooks1, 1930, 盛大Bambook S1(8GB)
thlw3, 2000, ThL W3(双核版)
thlw3, 2000, ThL W3
thlv12, 1300, ThL V12(双核版)
liquide1, 1760, 宏Liquid E1
i88, 1600, 基伍I88
f600, 1500, 基伍F600
a80s, 1600, 首派A80S
c800, 1500, 泰丰C800
a79, 1600, 基伍A79
i2c, 1500, 北斗小辣椒I2C(电信版)
a80, 1500, 首派A80
k-touchs717, 2150, k-touchS717
gioneec610, 1800, gioneeC610
k-touche7, 1800, k-touchE7
n806, 1500, 夏新N806
n700, 1450, 夏新N700
ot-906, 1150, 阿尔卡特OT-906(奢华版)
n816, 1500, 夏新N816(小V)
n809, 2530, 夏新N809
ot986+, 1800, 阿尔卡特OT 986+
ot-985, 1300, 阿尔卡特OT-985
ot995, 1500, 阿尔卡特OT995
ot919, 1300, 阿尔卡特OT 919
tcls520, 1500, TCL S520
tcly710, 2500, TCL Y710亲子机
100a, 1900, 百分之百100A
tcld668, 1500, TCL D668
tcls810, 1800, TCL S810
tcld706, 1800, TCL D706
ot-927, 1150, 阿尔卡特OT-927
tcla906, 1150, TCL A906
ak330, 1500, 宏AK330
ak47, 1800, 阿尔卡特AK47(360特供机阿卡47)
tcla998, 1500, TCL A998
tcla996, 1500, TCL A996
tcls900, 1800, TCL S900
tclw989, 1500, TCL W989
s2, 1500, 青橙S2
m1, 1300, 青橙M1
m2, 1500, 青橙M2
ot-990m, 1300, 阿尔卡特OT-990M
ot-979, 1500, 阿尔卡特OT-979
ot979, 1500, 阿尔卡特OT 979(Hello Kitty)
ot-908m, 1300, 阿尔卡特OT-908M
ot986, 1800, 阿尔卡特OT 986(360特供机)
ot-906, 1150, 阿尔卡特OT-906
k-touchw808, 2000, k-touchW808
htcxe, 1730, HTC 灵感XE(Z715e)
d633, 1630, 飞利浦D633
htct320e, 1500, HTC T320e
a06, 1600, 波导A06
i5, 1500, 万利达I5
n821, 2050, 夏新N821(360特供机)
lenovoa65, 1500, lenovoA65
sonyericssonx8, 1200, sonyericssonX8(E15i)
h701, 1200, 七喜H701
i50, 1600, 酷比I50
a720, 1680, 酷比A720
motoroladroidultra, 2500, motorolaDROID Ultra
k1, 1800, 纽曼小熊猫K1
zp600, 1640, 卓普ZP600
n86w, 1650, 海尔N86W
mixx5, 2200, 海尔Mix X5
w820, 1800, 海尔W820
n87t, 1600, 海尔N87T
e80, 2000, 海尔E80
hisenseu950s, 1900, hisenseU950S
hisenset960, 2000, hisenseT960
lgp936, 1830, LG  P936(Optimus 4G LTE)
huaweiascendp1s, 1800, huaweiAscend P1 S
samsungi9300, 2100, samsungI9300(Galaxy SIII 64GB)
huaweiu8655ascendy200, 1400, huaweiU8655 Ascend Y200
sharp102shii, 1520, sharp102SH II
sharpaquosphoneslis15sh, 1430, sharpAQUOS PHONE SL IS15SH
samsunggalaxyappeal, 1300, samsungGalaxy Appeal
liquidak330s, 1500, 宏基Liquid AK330s
samsunggalaxymusics6010, 1300, samsungGalaxy Music S6010
huaweiascendg600, 1930, huaweiAscend G600
sharpsh837w, 2100, sharpSH837W
tclj320, 1500, TCL J320
tclj900, 1900, TCL J900
tclj320c, 1500, TCL J320C
tclj900c, 1900, TCL J900C
139w1f, 2000, 139易 大易W1F
tclj900t, 1900, TCL J900T
motorolaxt553, 1735, motorolaXT553(XT550电信版)
motorolaxt532, 1500, motorolaXT532
motorolaxt317, 1390, motorolaXT317
motorolaxt319, 1390, motorolaXT319
motorolaxt389, 1390, motorolaXT389
motorolaxt550, 1735, motorolaXT550
motorolamilestone2, 1390, motorolaMilestone 2
tclj330, 1300, TCL J330
htcrhyme, 1600, HTC Rhyme(Bliss/G20)
n808, 2530, 夏新N808
zteu802, 1100, zteU802
zten780, 1350, zteN780
htcs510b, 1450, HTC 倾心S510b(G20)
lenovok800, 1900, lenovoK800
huaweiascendd1quad, 1800, huaweiAscend D1 Quad(U9510)
zteu880s, 1400, zteU880s
a05, 1300, 波导A05
v980t, 1800, 奥克斯V980T
samsungi809, 1500, samsungI809
w920, 1280, 飞利浦W920
gioneegn100t, 1280, gioneeGN100T
htcx515e, 1730, HTC X515E(EVO 4G+)
hisensetg88, 1630, hisenseTG88
vn820, 2050, 夏新大V N820(360特供)
gioneegn136t, 1500, gioneeGN136T
padfoneinfinitya80, 2400, 华硕PadFone Infinity A80(64GB)
padfoneinfinitya86, 2400, 华硕PadFone Infinity A86
z8t, 4000, 长虹Z8T
a726t, 1200, 夏新A726T
liquide2duo, 2000, 宏Liquid E2 Duo
htcxl, 1600, HTC 灵感XL(X315e)
i55, 1600, 酷比i55
lgoptimusl7ii, 1700, LG Optimus L7 II (P715)
t28, 1200, 现代T28加强版
motorolaxt780, 1735, motorolaXT780
k-touchv6, 1800, k-touchV6
sharpsh631w, 1650, sharpSH631W
motorolasmart, 1400, motorolaSmart
huaweiactiva4g, 1880, huaweiActiva 4G
huaweiu8730, 1500, huaweiU8730(Ascend G312)
huaweiu8660, 1250, huaweiU8660
coolpad5899, 3000, coolpad5899
htconev, 1500, HTC One V
htconexc, 2000, HTC One XC(X720d)
gioneegn206, 1800, gioneeGN206
samsunge170kgalaxyrstyle, 2000, samsungE170K GALAXY R Style
samsungs6500d, 1300, samsungS6500D(Galaxy mini 2)
samsungi559, 1200, samsungI559(Galaxy Mini)
samsungs6108, 1200, samsungS6108 (Galaxy Y Pop)
