Smoke,1170
lg p936optimus 4g lte,1830
U795+,1600
N80W,1200
LG Optimus L5(E612),1500
W188,1500
vivo Y3t,1500
MOTOROLA XT317,1390
MOTOROLA XT316,1390
MOTOROLA XT319,1390
HTC C715e EVO Design,1730
LG-LU2300,1350
Liquid E2 Duo,2000
G4,1850
G3,2100
s8600 spark,2000
G1,2000
S7275(GALAXY Ace 3),1800
HTC VT(T328t),1650
U806,1200
T619+,1420
SCH-i405(Stratosphere),1800
COOLPAD W770,1500
Xperia Z L36h,2330
SH8268U,1170
GT-S5660,1350
st21ixperia tipo dual,1500
LG Optimus 2X,1500
X10i(Rachael),1500
s6352galaxy ace dear,1300
TCL S520,1500
MAX,2000
venue,1400
I9250(GALAXY Nexus),1750
8809,1450
HTC DESIREHD A9191 WITH BEATS AUDIO,1230
5855,1400
T550,1500
c01,1400
5950,2500
LG P610s,1280
triumph,1400
T80,1200
u20ix10mini pro,930
ME502(charm),1130
LG-P880,2150
TCL Y710,2500
GT-I 9100,1650
U8860( Honor),1930
m939+,1400
m2mi2,2000
OT-908M,1300
tcl a998,1500
U985(Grand Era),1800
Ascend G700T,2150
Xperia sola MT27i,1320
S6500D(Galaxy mini 2),1300
CHANGHONG-Z1,3000
u880e,1650
htc z560e one s,1650
phone p70,2000
htc g20rhyme,1600
phone a360,1500
oppo x905find 3,1520
u880s,1400
lg ls840viper 4g lte,1700
u8850 vision,1400
n88w,1600
Z7,4000
vivo Xplay TD(16GB),3400
Z1,3000
A690,1500
lg p760optimus l9,2150
Arrows V F-04E,2420
u950,2000
H11,1500
H12,1500
n760,1350
PHILIPS W920,1280
I9050,1650
HTC DROID INCREDIBLE 2,1450
OT 919,1300
I889(GALAXY Note),2500
I9300(GALAXY S3),2100
i55,1600
ST19I,1200
HTC MYTOUCH 3G SLIDE,1300
GN708T,2100
Phone S680,1760
GALAXY Centura,1500
Phone S686,1760
I515(CGalaxy Nexus),1850
LG Optimus Big,1500
C900,1300
GALAXY M Pro,1350
MT680,1390
n880,1250
lg ms840connect 4g,1540
DROID 2,1400
MOTOROLA ELECTRIFY,1700
SH530U,1950
PadFone 2(64GB),2140
LT15/18I,1500
A30t,1130
n860,1250
lg p720optimus 3d max,1520
F13,2500
htc g23 one x16gb,1800
oppo r805,1400
phone a750,2000
DROID2 GLOBAL,1420
V960,1800
V963,1800
7269,1700
7268,1700
phone a68e,1300
7266,1500
g500 pro 360,1930
7260,1400
t8808dascend g306t,1500
Vega X,1500
m3,2000
C8650,1400
m9,1370
a3288tattoo,1100
C8655,1250
I727 (Galaxy SII Skyrocket),1850
Ascend G526,1950
TCL P606,1800
i579galaxy ace,1350
I9000(Galaxy S 16GB),1500
vivo e3,2000
c700,1800
vivo e1,1220
ot 919,1300
phone s560,2000
S6102E,1300
A390,1500
TCL J620,2000
me,1670
HTC T326h Desire P,1620
S8600 Spark,2000
I5700(Galaxy Spica),1500
M939+,1400
A670t,1700
phone s760,1760
mi,1930
HTC One SV,1800
MOTO XT800W,1390
XT800w,1390
DESIRE HD,1230
GN206,1800
U86(KISS),1600
htc x920e,2020
GN205,1550
GN200,1400
LG-C550,1310
vinus v10,1720
HTC G11 FOR VODAFONE,1450
koobee t550,1500
MIRA EG970,2000
I9505 GALAXY S4(4G),2600
sh-a1+,1550
Xperia SP M35c,2300
MOTOROLA XT800W,1390
Xperia SP M35t,2370
F600,1500
S5570i(Galaxy Pop Plus),1200
HUAWEI U8110,1150
htc g14sensation,1520
arrows kiss,1460
C8500,1050
Style Q,1200
e w2,2000
e w3,2000
xt912droid razr,1780
e w1,1500
SH-04E,2000
htc one xl,1800
K800,1900
S7898,1500
D300,1500
S5282 (GALAXY Star),1200
Galaxy Neo(M220L),1500
S6818V(GALAXY Fame),1300
tg99,1300
v788d,1400
x990,1650
V988,1800
sh8268u,1170
sx30+,1600
X500 Solar,1500
SK17i (Xperia mini pro),1200
x610,1250
HTC INCREDIBLE,1300
bfb w9600,1800
ME632,1390
I589(GALAXY Ace DUOS),1650
GT-P1000T,4000
LG Optimus 3D MAX(P725),1520
SH330U,1200
htc z710t,1520
M920,1500
Xperia Z1 L39h,3000
phone k860,2250
V981,2200
gn858,1700
GT-P1000N,4000
t889galaxy note ii,3100
W999,1500
Phone P700i,2500
LG-LU8800,1500
8012,1250
vivo y1,1350
HTC DESIRE CDMA,1230
u8185ascend y100,1050
Liquid A1(S100),1350
xt535defy xt,1650
HTC DESIRE S S510E,1450
MOTO XT882,1880
t72,1450
e90,1500
OPPO U701,1710
w760,1420
N88W,1600
XT317,1390
XT316,1390
N806,1500
htc droid dna,2020
U8730(Ascend G312),1500
LG Optimus L3 E400,1500
N807,1600
A6388,1300
gnote,2000
MOTOROLA XT320,1650
OPPO R811W,1520
V8,2550
htc ville c,1650
TCL A906,1150
HTC CHACHA A810E,1250
xt890razr i,2000
ET919,1700
xt800,1390
Y500,1730
lg ls969optimus elite,1520
HTC DESIRE HD A9191/4G FOR SPRINT,1230
xt806,1380
T8951(G510),1700
XT550,1735
t9510e ascend d1  xl,2600
9120s,1700
SCH-I559,1200
s6102galaxy y duos,1300
u806,1200
u805,1200
GT-S5670,1350
m1miui,1930
e5680,1650
I8268,1700
LG E975(Optimus G),2100
OPPO Find 7,4000
SK15I,1200
Quench XT5,1270
W686,2000
N86W,1650
A68e,1300
mini 5(Streak),1530
m909+,1400
TCL P600,1800
TCL S850,1820
S6102(Galaxy Y Duos),1300
U880E,1650
U880F,1650
SH-10D,1900
i9250 galaxy nexus32gb,1750
V430,1200
K900(16GB),2500
htc a8180,1400
i405galaxy metrix 4g,1800
i1,2800
u930,1600
T96,1630
vivo X1S,2000
TCL J320,1500
Galaxy Precedent(M828C),1500
8150S,1500
Z1S,3000
HTC Hero200,1350
sh630e,1600
U8800,1500
MIONE_PLUS,1930
GALAXY S4 Zoom C101,2330
W536,1630
i847rugby smart,1650
n700,1450
GALAXY Note II LTE N7105,3100
n707,1400
n7105galaxy note ii lte,3100
padfone lte,1520
Titanium,1820
N860,1250
c06,1400
Mirror,2630
8150d,1500
tcl a996,1500
XT883,1500
XT882,1880
ZTE-X850,1000
c8820,1350
LG Optimus L4 II,1700
U819,2000
w960,1750
htc x515erider,1730
u8950d +,1930
Xperia ZR M36h,2300
U810,1280
C8850(Vision ),1400
U817,1600
HTC Desire Z,1300
Ascend P3,2000
zopo zp300+,1800
GEAK Eye,2000
S801,1500
TCL J300,1400
LG-P940,1540
LG VS920,1500
HTC INSPIRE 4G,1230
beTouch E400,1090
HTC Desire L,1800
mt28ixperia sx,1500
xt780razr m,1550
Xperia T LT30p,1850
HTC MyTouch 3G Slide,1300
ME600/MB300,1380
M9(8G),1370
MX16GB RE,1700
LG-GW620,1500
PC36100,1500
G610T,2150
oppo r811,1520
U81t,1700
G2,2050
U9500(Ascend D1),1800
ZTE-U V960,1400
V999,3000
HTC A510C,1230
i339,1200
HTC Sensation XE(G18),1730
VIVO S1,1920
s7500galaxy ace plus,1300
pf112,1650
90W(7290),1800
1600,1500
OT 986(360),1800
Q1,2000
GN160T,2500
koobee a660,1500
COOLPAD N950,1300
HUAWEI U8800 PLUS,1500
u9508,2230
p701+,4000
T959(Galaxy S),1500
s6102e,1300
d98,1500
HTC Sensation 4G,1520
A6188W,1340
ot 927,1150
a820l,1830
GN787,2000
XT800 PLUS,1390
TCL C993,1500
HTC DESIRE S,1450
G95,2500
G90,4800
V936,2000
GT-P1000,4000
104SH,1520
Droid(Sholes) A855,1400
V818,1500
S5838,1350
HTC HD2 TX1A,1230
2S(16GB),2000
acer e350liquid gallant,1500
GALAXY S3(I9300),2100
s007,1550
M3(Mi3),3600
HTC A8180(,G7),1400
I9105P(GALAXY SII Plus),1650
a1260,1130
Phone A600e,2500
TCL S300T,1400
e v1,2500
8190Q,1650
ZTE-C N600+,1000
F700,3600
V10,2700
ZTE-C N600 ,1000
Xperia go ST27i,1265
GN305,1500
phone a789,2000
N790,1200
phone a780,1500
bfb w9100,1800
MX(32G RE),1700
MEIZU M9,1370
Flash,1780
Xperia P LT22i,1305
8150,1700
LG Optimus 3D Cube SU870,1520
COOLPAD E239,1280
P729(GALAXY MEGA 6.3),3200
MOTOROLA MB855,1650
u970grand x,1600
droid razr maxx hd,3300
OT-891,1000
S5831i,1350
LG Optimus One,1500
s5820,1500
XT760,1650
Galaxy Naos,1500
TCL J610,1800
c8800,1500
8710,1700
seals ts3,1780
Galaxy Y Pro DUOS,1200
g08,1280
MB855(Photon 4G),1650
I9001(GALAXY S Plus),1650
i5800galaxy 3,1500
8020+,1250
a288t,1500
galaxyq,1500
HTC DESIRE HD G10 AT,1230
koobee n60,1400
koobee n62,1600
HTC Tattoo(G4),1100
XT780,1735
koobee n66,1350
koobee n69,1350
Xperia tipo ST21i,1500
XT788,1735
LG P765(Optimus L9),2100
i577galaxy exhilarate,1750
8022,1500
8020,1600
8026,1300
s500a,2500
xt928droid razr,1735
s500c,2380
MEIZU MX,1600
st23ixperia miro,1500
Liquid AK330s,1500
MT73,1100
HTC MY TOUCH 4G,1400
Grand Memo(8GB),3200
koobee a109,1600
w770,1500
B9120(2),1500
koobee a106,1500
XT301,1130
e89,1000
SH320T,1250
i9001galaxy s plus,1650
vivo S12,2000
vivo S11,2000
MOTOROLA XT883,1500
MOTOROLA XT882,1880
Pad A2105,2500
w7,3000
w6,1350
LENOVO A500,1500
w3,2000
w1,2000
st15ixperia mini),1200
sh631w,1650
w8,3000
phone s880i,2250
e5670,1150
m886mercury,1900
Z5(16GB),2300
i899,1440
V790,1200
bambook s18gb,1930
htc 2rezound,1620
W832,2400
W7376,2400
A2,3000
tcl a990,1300
U960s3,2000
U960s2,1400
ATRIX HD(MB886),1780
HUAWEI C8650 PLUS,1250
SH-09D,1900
HUAWEI U8850,1400
v985grand era,1800
M18,1540
HTC Desire 500,1800
lg p880optimus 4x hd,2150
mt15ixperia neo,1500
5870,1400
5876,1700
HTC Butterfly X920e,2020
5879,2000
HTC MyTouch 4G(S910m),1400
LG  P936(Optimus 4G LTE),1830
w808,2000
I9188,1650
Ascend P1 LTE,1800
Ascend D1 Quad(U9510),1800
Grand X IN,1650
C600,1450
C605,1700
vivo s12,2000
phone a300,2000
A3288,1100
ZTE-T U880,1250
U860,1630
l710 galaxy siii,2100
iHKC reepad,3240
phone a790e,1500
C3,2000
A366t,1300
Xperia E dual,1500
NEC 909e,1430
z-me,1410
V760,1500
xt390,1430
U808,1650
u9500eascend d1 xl,2600
A780,1500
U802,1100
U807,1600
TCL Idol X(S950),2000
U805,1200
HUAWEI C8800,1500
S39h(Xperia C),2330
TCL S710,1800
Phone A580,1700
V926D,1500
LG-P930,1830
HTC Spark,1300
Phone A586,1700
n609,1400
7990,1800
8295M,2000
U8652(Fusion/Jengu),1400
I2C,1500
e170kgalaxy siii,2100
n606,1400
HTC EVO 3D BY XIAOLEIZI,1730
I9210(Galaxy SII LTE),1850
g1310,1260
U935,2500
g1315,1260
htc x515d 3d,1730
b9062,1650
S901,1600
S903,1800
V987,2500
mt680,1390
V983,2000
I897(Captivate),1500
V980,1800
F-07D,1400
V2,1100
CHANGHONGW8,3000
V5,2400
V6,1800
CHANGHONGW3,1230
V9,3400
CHANGHONGW1,1300
xt711,1390
DROID RAZR MAXX HD,3300
galaxy s 3d,1650
N700,1450
xt536,1650
xt532,1500
lg p870escape,2150
XT806LX,1380
i3,1500
i5,1500
i7,1850
i6,1500
MYTOUCH 4G SLIDE,1520
Galaxy Music S6012,1300
V182,4000
OPPO R809T,2000
xt894droid 4,1785
B7810(GALAXY M Pro),1200
T9600,2400
E16I,1200
MT15I,1500
NEXUS ONE,1400
X519,920
i95,3000
Phone(3GC101),1500
i96,1800
i90,1680
i93,2100
i92,3000
HS-E90,1500
N916,1500
I939(GALAXY SIII),2100
HTC One mini(M4),1800
Phone K2,1760
Ascend G615,2150
S+ (8720Q),2000
LG Optimus T,1500
v880,1250
XT897(Photon Q 4G LTE),1785
XT389,1390
E16i(Xperia W8),1200
HTC ONE X,1800
ZP600,1640
C8810(Ascend G300C),1400
I8150(GALAXY W),1500
N7005(GALAXY Note LTE),2500
GN315,1700
W655,1400
GT-I9100,1650
GT-I9103,1650
thl v7,1650
HUAWEI C8650,1400
GT-I9108,1650
thl v8,1100
thl v9,1550
i867,1390
st27ixperia go,1305
c500,1450
v92,1800
Hercules(T989),1850
HTC T327d,1650
MOTO XT531,1500
m110sgalaxy s,1500
htc x720d one xc,2000
n1,1700
st17ixperia active,1200
LG Optimus GJ,2210
Y320C,1350
GT-I9210,1850
H5018,1400
bfb w9001,1500
bfb w9000,1400
grand x in,1650
P709(GALAXY MEGA 5.8),2600
HM,2000
SBM104SH,1520
MOTO XT532,1500
galaxy note ii n719,3100
i9020nexus s,1500
I9300(GALAXY SIII 32GB),2100
i9220 galaxy note,2500
V961,1400
MT716,1380
I929(GALAXY SII Duos),1800
A560e,1500
SH-02E,2320
A6288(Hero),1350
Me,1670
l300galaxy victory 4g lte,2100
v726,2100
V965,2000
I8550(GALAXY Win),2000
TCL A968,1500
HTC TATTOO,1100
H9,1300
GHONGV10,2700
V8(II),1820
G3D,1500
HTC Desire C(A320e),1230
H6,1300
u9501lascend d1 lte,1750
HTC S(S510e),1450
d69,1200
n855d,1650
PadFone,1520
Milestone 2,1390
W820,1800
u1203,1900
lg e400optimus l3,1500
ME632(Pro+),1390
SK17I,1200
A66t,1450
htc one s se,1650
HTC Desire HD(G10),1230
b7800galaxy m pro,1350
U8520,1500
htc g2magic,1340
galaxy note i9220,2500
A398T,2000
HTC 3D X515d,1730
lt29ixperia tx,1700
HS-EG968,1500
Xperia ion LT28i,1900
gn380,1550
GALAXY Trend 2 Duos,1500
XPRT,1860
Grand X2 In,2000
MX2 64GB,1800
5860,1700
lg ls860 cayenne,1700
lt18ixperia arc s,1500
Liquid e,1350
t989hercules,1850
Aqua,1600
A660,1500
ACER LIQUID,1350
9070+XO,2900
n600+,1000
HTC One(M7/16GB),2300
A726T,1200
2(16GB),2000
vivo S9,2000
M35,1350
HTC Desire 600,1860
ME722(2),1390
ZTE-V9,3400
vivo S6,1880
vivo S7,1500
vivo S1,1930
vivo S3,1500
M9 RE,1350
S6812i (GALAXY Fame),1300
HTC Tide,1300
TCL S500,1500
U830,1500
ZTE-X876,1500
GN705W,1800
GN705T,1800
G1350,1750
B9150 Galaxy Q,3500
U8800+,1500
HTC DESIRE HD,1230
MB200/CLIQ/DEXT/MORRISON,1420
DROID HD(ME865),1735
w900,1500
TCL S700,2000
xt389,1390
m910+,1500
NEXUS S,1500
zopo zp200,1250
TG88,1630
LG-P920,1500
C700,1800
v852,1100
u8833y300,1730
S5670(Galaxy  Fit),1350
A670T,1700
ns,1500
GN330,2000
GN858,1700
GALAXY S4(64GB),2600
Morrison(MB200),1420
D9,1800
digitalk dw8101naissance,1500
7235,1500
i9228galaxy note,2500
U909,1630
LG LS860(Cayenne),1700
v970grand x,1600
HTC Wildfire G8,1300
ZTE-C N960,1400
gn160t,1700
1800,1500
HTC Z510D,1500
GN810,3000
Score M,1500
P780,4000
u8655ascend y200,1250
XT800+,1390
x500solar,1500
D1,1500
xt702,1390
5216D,1500
CHANGHONGV7,1500
COOLPAD N930,1300
HTC T320e,1500
B9388,1820
HTC A7272 3G FOR AT,1300
139 W1F,2000
D600,1400
s400a,1580
HTC Merge,1300
W68,1500
me860atrix 4g,1880
 n909,1450
7005,1300
flash,1730
LG-P355,1280
HS-E89,1000
htc g21sensation xl,1600
GT-P7500R,6860
S6802(GALAXY Ace DUOS),1300
ZTE-C N760,1350
Devour A555(Calgary),1420
htc a3366),1300
N600+,1000
Ascend G600,1930
GT-P7500,6860
I9128V,2100
i809galaxy s,1500
LG-P350,1280
LG P503,1500
htc a3360,1300
iEva D210T,1500
A8188,1500
s6358galaxy ace dear,1300
HUAWEI U8120,1200
W718,2000
T960,2000
U8100,1150
LG P355,1280
SUGAR SS129(16GB),2350
OT-910,1300
n807v,1500
3GC101,1500
OPPO R819T,2000
lg p940prada 3.0,1540
lg p350optimus me,1280
innos i5,1650
thl w3,2000
thl w2,3000
thl w1,1550
GN106,1300
t999galaxy siii,2100
HTC VC(T328d),1650
thl w5,2000
c8950d +,1930
N90,1630
N91,1680
GN109,1300
GN108,1500
Phone K860,2250
koobee a3,1400
M3,2000
mini5streak,1530
N600,1000
M9,1370
MOTO XT500,1230
MOTO XT502,1230
s7568,1500
M2S,1500
V917,1500
T789,1500
E956,2000
Magic 1,1700
htc s910mmytouch 4g,1400
T780,1420
I9008L,1500
HTC AMAZE 4G G22,1730
M28,1500
Air 9150,1700
LG-E510,1540
MOTOROLA XT531,1500
GT-I9001,1650
lt22ixperia p,1305
K8,1430
i747galaxy siii,2100
lg ls855marquee,1500
HTC A3366,1300
Xperia SL LT26ii,1750
HTC Z710E FOR AT,1520
e188,1800
d710epic 4g touch,1800
XT320,1650
u960s2,1400
A79,1600
Y310S,1350
Xperia VC LT25c,1750
2(U9508),2230
C8812,1350
GBW192,1800
MOTO XT615,1390
K2(16GB),3000
T600,1450
lg ms695optimus m+,1300
MILESTONE,1390
TCL J900C,1900
006sh,1240
i777singa,1650
LG LU6200(Optimus LTE),1830
f1,2000
MOTO XT875,1750
GALAXY Note II(32GB),3100
TCL D706,1800
HTC EVO 3D GSM,1730
COOLPAD 9900,1800
LT18i(Xperia arc S),1500
MX2 TD(16GB),1750
i9300 galaxy siii,32gb,2100
mt788razr i,2000
HTC DESIRE S (G12) FOR AT,1450
htc mytouch 3g slide,1300
Atrix 2(ME865),1735
8195,2000
S5820,1500
phone a710e,1500
Tiger,2200
N890 V,2100
vivo S7t,1500
SBM102SH,1520
M919,1300
RAZR D3,2000
htc s710d,1450
HTC DESIER HD,1230
phone a698t,1500
lg lucid 4g,1700
lg e739mytouch,1500
HTC G20 T9399 FOR SPRINT,1600
OT-980,1150
LG Optimus Regard,1700
HTC G7 FOR AT,1400
I8260(GALAXY Core),1800
GALAXY Note II N7108D(TD-LTE),3100
Phone A370,1500
htc a9191hd,1230
Burst,1650
padfone2,2140
c8812+,1500
MOTOROLA XT806LX,1380
I8190N(GALAXY S3 Mini),1500
W789,1500
u960,1500
HTC A3380,1300
padfone264gb,2140
TD500,1300
S6310(GALAXY Young),1300
A656,2000
htc g19 raider 4gx710e,1620
XT885(RAZR V),1750
W760,1420
fashiontv,1250
me511flipout,1130
C620,3000
phone a366t,1300
htc mytouch 4g slide,1520
D710,1650
altek leo,1020
HTC One Max(T6/LTE-A),3300
Replenish M580,1160
lg ls730,1700
gn777,2000
thl v11,1650
LG P693,1500
t8620,1250
HTC One XC(X720d),2000
S5830(GALAXY Ace),1350
n916,1500
E912S,1300
vivo Y19t,2000
OPTIMUS 2X,1500
Altek  A14 LEO,1020
u8661sonic+,1250
T8500,1250
GT-S5820,1500
U8651(Prism),1400
gn170,2500
S5578,1200
HTC DESIRE S WITH BEATS AUDIO,1450
LG Optimus L5 II Dual E455,1700
MOTO XT319,1390
M910+,1500
ZTE-C N600/600 ,1000
A750e,2000
a08,1500
One Touch Scribe Easy,2500
a03,1350
WT19i(Live with Walkman),1200
LT15I,1500
a05,1400
VIVO V2,1500
VIVO V1,1500
GN800,2100
MOTO XT800 PLUS,1390
vinus x1,1750
b5330galaxy chat,1200
TCL S600,1500
XT928,1735
T5001,1500
HTC DROID ERIS,1300
HTC One SU(T528W),1800
m232gb,2000
Ideos X6(U9000),1400
zopo zp100,1650
u8800+,1500
st25ixperia u,1290
s6010galaxy music,1300
HTC X515M,1730
ViewPad4,1400
HTC X515D,1730
s6500d,1300
htc a6390,1300
htc g10desire hd,1230
Liquid Z2,1300
F-03D(Arrows Kiss),1460
lg c550optimus chat,1280
A308T,1500
n01,1500
MOTO X,2200
oppo t703,1500
T310,1400
8870,2000
A658t,2000
S7110 GALAXY Xcover 2,1700
phone s720,2000
I879,2100
tcl s500,1500
H701,1200
LG Optimus L5 II E460,1700
Phone A789,2000
HTC INCREDIBLE S KNOWING,1450
HTC 3D X515m,1730
GALAXY Note II N7102,3100
n02-m,1850
LG Optimus Q2,1500
st18ixperia ray,1500
100B,2200
Phone A798t,2000
c8826d,1930
T958,1700
xt681,1390
TCL J900,1900
T950,1900
Galaxy K,1500
d822,2000
vivo E3,2000
vivo X3,2000
ascend d2,3000
U8110,1150
bfb w9800,1800
HTC EVO 3D X515A,1730
HTC EVO 3D X515M,1730
TCL S820,1800
I9305(GALAXY SIII LTE),2100
U950,1900
lg p930nitro hd,1830
OPPO Find 3(X905),1520
LG F120K(Optimus LTE Tag),1700
Xperia TX LT29i,1700
obee i909,3000
S820e,2000
Ascend G700,2150
lt26iixperia sl,1750
e9,1400
N880E,1650
Defy(ME525),1500
MB300,1380
e6,1400
tcl w969,1300
OT995,1500
HTC LEGEND,1300
LG-P698,1500
LG G2,3000
MT15i(Xperia neo),1500
g'five a56,1150
LG-P693,1500
LG-P690,1500
lt26wxperia acro s,1840
HTC X515E RAIDER(T9399 ) FOR SPRINT,1730
DROID Ultra,2500
1S,1930
8050,1300
MOTOROLA XT500,1230
TCL D662,1500
MOTOROLA XT502,1230
OPPO Ulike2(U705W),2020
TCL D668,1500
ZTE-BLADE,1250
T807(Blade C),1600
SH8158U,1320
Xperia ion LT28h,1840
1s,1930
ieva d700,1450
COOLPAD 7500,1300
S004,930
XT685,1550
XT681,1390
electrify m,2000
mb886atrix hd,1780
phone A660,1500
MOTO XT862,1540
MOTO XT865,1750
HS-T80,1200
HS-T81,1200
vivo E5,2500
x8,2800
m190sgalaxy s hoppin,1500
htc g18 sensation xe,1730
MOTOROLA XT615,1390
HTC Zeta,1830
x3,2550
x1,1750
x6,1850
lg f100l optimus vulte,2080
W800,1700
W708,1300
8122,1500
me7222,1390
8185,1700
W808,2000
E110S(Celox),1750
8180,1500
Y300C,1730
d08,1630
Grand Memo(16GB),3200
Droid 2 Global,1420
D900,1500
104sh,1520
HUAWEI U8800,1500
mt870,1880
I437(GALAXY Express),2000
Liquid mini,1300
u8651prism,1400
vivo s6t,1880
Galaxy Rugby Pro I547,1850
I5508,1200
koobee a209,1500
A300,2000
N919,2500
8070D,1800
S6818(GALAXY Fame),1300
MOTOROLA ATRIX ME860,1880
I619(GALAXY Ace Dear),1300
Xperia SX MT28i,1500
I8520 Beam,1800
Bambook S1(8GB),1930
ME811,1540
I739(GALAXY Trend II),1500
Greco(XT3/XT5),1270
wt23i,1460
MX2 RE 16GB,1800
xt8833,1500
A80,1500
zopo zp900leader ,2300
A86,1600
S7500(GALAXY Ace Plus),1300
i9103galaxy r,1650
9960(HD),2000
V970 Grand X,1650
i9088galaxy s,1500
W770,1500
s5690galaxy xcover,1500
V882 Lord,1500
koobee i60,2100
vivo S6T,1880
GALAXY Note II N719,3100
MIRA U970,2000
A9800,2000
I659,1500
MOTOROLA XT875,1750
D8,1900
5930,2000
phone a390e,1300
S7508(Galaxy Ace Plus),1300
w920,1280
n907,1300
OPPO U701T,1710
Activa 4G,1880
d539,2500
i5510(Galaxy 551),1200
phone p700,2500
LG Optimus me P350,1280
S6352(GALAXY Ace Dear),1300
d530,1280
c8810ascend g300c,1400
E15I,1200
HTC A9191 FOR AT,1230
C8813,1700
GT-S5830,1350
V5T,2400
LG F200(Optimus Vu II),2150
htc s710e,1450
HTC AMAZE 4G(RUBY),1730
c8650+,1250
gn180,2500
Galaxy Teos,1500
xt615,1390
eg968,1500
A519,2000
TCL S900,1800
repp,1500
XT912,1780
XT910,1780
U960,1500
GN878,2100
phone a520,1500
PadFone 2,2140
galaxy music duos,1300
C8600,1500
SX30+,1600
W6,2000
A365e,1500
V880,1250
ot 990m,1300
galaxy tab 7.7 p680016gb,5100
OPTIMUS BLACK,1500
xt500,1230
E956Q,1700
Vital,2500
HTC S710E,1450
HTC S710D,1450
voto t6000,1500
LG-KH5200,1500
koobee s,1350
XT862,1540
htc x515m 3d,1730
XT865,1750
8013,1280
ZTE-C N700,1450
x910,1250
OPPO X903(find me),1500
t81,1200
sh8158u,1320
C500,1450
8010,1200
Vertu TI,1250
s5570igalaxy pop plus,1200
HTC V(T328w),1650
LG Marquee,1500
LG OPTIMUS 2,1500
A790T,1700
wg100,1800
Xperia L S36h,1700
XT881 Electrify 2,1780
hot hd958,1650
7020,1300
sx30,1600
TCL P606T,1800
HTC One(M7/64GB),2300
C8550,1050
htc a510es,1230
W850,2000
HTC Desire 300(301e),1650
I829 GALAXY Style Duos,1700
oppo u701,1710
Phone S870e,2000
A668t,1500
G1310(GSmart G1310),1260
GT-I5800,1500
GT-I5801,1500
GN125,1800
Ascend G710,2150
OT 979(Hello Kitty),1500
SH-01E,1660
SH-01D,1520
AK330,1500
HTC BEE,1300
MOTO XT883,1500
R750,1500
x9,2000
tcl c993,1500
I847(Rugby Smart),1650
I9103 GALAXY R,1650
XT319,1390
s5302galaxy pocket duos,1200
i939 galaxy siii,2100
w606,1500
I9070(GALAXY S Advanced),1500
Defy+(ME525+),1650
I9502(GALAXY S416GB),2600
H715,2500
MT11i(Xperia neo V),1500
C960t,1500
IS14SH,1030
Phone A690,1500
xt875droid bionic,1735
I9108(GALAXY SII),1650
Xperia GX1(Candela),1500
MOTOROLA A953,1390
bfb 4s,1400
mb855photon 4g,1700
E120L(Galaxy SII HD LTE),1850
8060,1600
HIKe PHANTOM TI,2200
Style S,1350
e619,1420
v900,1400
a600,2000
HUAWEI ASCEND,1800
HTC One(32GB),2300
S5368,1200
A860L,3140
ieva d710,1500
MB508(Sage),1170
Prism,1750
Crossover,1500
HTC First,2000
c8825dascend g330c,1500
w732,2400
ST15i(Xperia mini),1200
w736,2400
HUAWEI C8600,1500
i96T,1800
NM850,1650
SCH-I909,1500
S5300 Galaxy Pocket,1200
htc z510d s,1500
A6188(Magic),1340
I8,1600
A760t,2000
V N820(360),2050
E239,1280
100AS,1900
I2,1500
I5,1500
HTC Hero(G3),1500
sh-01d,1520
MOTO XT702,1390
i9250 galaxy nexus,1750
MOTO XT701,1390
I8530(GALAXY Beam),2000
koobee a95,1500
koobee a92,1500
koobee a91,1600
htc t329w,1650
htc t329t,1650
lg e612optimus l5,1500
vivo Y11,1700
htc t329d,1650
U8850,1400
HTC EVO One,2650
LG Axis,1500
iEva D770,1500
HTC Evo Shift 4G(A7373),1500
V926T,1500
me865atrix 2,1735
h701,1200
5832,1700
sh-a1,1550
N909,1800
PF112,1650
ME860,1880
ME863,1500
Ascend P1 XL(U9200E),2600
ME865,1735
I927(Galaxy S Glide),1650
koobee i90,1680
W900,1500
I535(GALAXY SIII Verizon),2050
u788,1400
u8818ascend g300,1350
COOLPAD 7260,1400
s600,2800
HTC EVO SHIFT 4G,1500
V881(Aglaia),1500
Arrows A 202F,3020
HTC DESIREHD,1230
vivo V2,1880
vivo V1,1500
SH630E,1600
B5330(Galaxy Chat),1200
MOTOROLA XT865,1750
MOTOROLA XT862,1540
HTC Dream(G1),1150
koobee a690,1500
i717galaxy note,2500
A3,3000
U880,1250
MB200(CLIQ/DEXT),1420
LG Optimus LTE 2(VS930),2150
vivo X5,2500
w930,2000
HTC T329t,1650
A706,2000
xperia play z1i,1500
n930,1300
M35h,2370
t8600,1250
htc g13wildfire s,1230
C770,1700
iwoo i900,1450
me525 defy,1500
LG  P940(Prada 3.0),1540
W8355,3000
W806+,1800
HTC  Z710t,1520
W920,1280
C8800,1500
COOLPAD D5800,1500
Bravo,1540
HTC One V,1500
A60(16GB),1230
htc g17evo 3d,1730
xt926droid razr hd,2530
I60,2100
PadFone Infinity A80(32GB),2400
wt19ilive with walkman,1200
HTC One XXL,1800
W6350,1630
n806,1500
I9003(GALAXY S),1650
oppo t29,3150
M1-ONE C1,1930
A820e,2000
OPPO Find 5 Mini,2500
I9088(SPhone),1500
n6e,1100
XT883(Droid 3),1500
XT300(Spice),1170
tcl a919,1300
vivo e1t,1220
GN868,1600
phone p700i,2500
G606,2150
A820L,1830
U8812D(Ascend G302D),1350
T9,2000
s5830galaxy ace,1350
HTC DESIRE HD WITH BEATS AUDIO,1230
V726,2100
MX2 32GB,1800
s5300galaxy pocket,1200
t850,2000
n80w,1500
ot 979,1500
GALAXY Note II N7102 ( 32GB),3100
2600,1500
N66,1350
t82grand x lte,1900
lg us730splendor,1700
HTC Salsa(G15),1520
m959,1400
M100S(Galaxy Apollo),1500
u802,1100
xt881electrify 2,1780
N62,1600
S868T,2000
Sonim A1,2000
XT875,1750
GN700T,1800
GN700W,1800
eg950,1900
vivo E1t,1220
I9190 GALAXY S4 Mini,1900
SH930W,2100
B9062,1650
7230,1400
T939,2000
pad a2105,2500
HTC DESIRE A8180,1400
a80t,1600
a80s,1600
XT890(RAZR i),2000
7019,1500
HIKe PANDORA 2,2550
zopo zp500s,1300
7011,1300
XT865(Droid Bionic),1750
i9100 galaxy sii16gb,1650
5230,1400
S7270(GALAXY Ace 3),1500
i9250galaxy nexus,1750
NX,1650
u8860 honor ,1930
LT15i(Xperia Arc  X12),1500
OPPO Find 5,2500
HTC EVO 3D WITH BEATS AUDIO X515M,1730
GN600,1600
CHANGHONGW7,2000
TCL S800,1800
zopo zp500+,1300
GN138,1700
i8530galaxy beam,2000
GN135,1700
GN136,1500
HTC INCREDIBLE S S710E,1450
S6108 (Galaxy Y Pop),1200
Xperia tipo dual ST21i,1500
u8730 ascend g312mytouch q,1500
N1,1700
N2,2500
MX2 TD(64GB),1750
N6,2500
g'five a70,1200
g'five a72,1450
T8833,1730
w632,2100
106SH,1900
i519,1500
v889d,1650
s7562galaxy trend duos,1500
139 W1,2000
v889m,1600
Vega LTE-A,3100
HTC EVO 3D(G17),1730
Phone S760,1760
8079,1500
i779,1650
e600,1500
i559galaxy mini,1200
phone k800,1900
oppo x903find,1500
vivo s6,1880
vivo s7,1500
xt992,3300
vivo s3,1500
v930,3000
HTC Desire 200,1230
lg optimus lte tag,1700
ieva d720,1450
obee i818,1500
w706,1300
u9000x6,1400
w700,1500
+ G600T(T8950),1930
LG E985(Optimus G Pro),3140
HTC X(Desire X T328e),1650
A60(8GB),1230
w708,1300
V967S,2500
A60(2GB),1230
m9re,1370
i699galaxy trend,1500
MOTO XT806,1380
MOTO XT800,1390
Aero,920
HTC A315c,1300
Phone S1,1500
COOLPAD 9930,1900
N816(V),1500
COOLPAD D539,2500
phone s2,1500
Grand Era LTE,1780
COOLPAD D530,1280
LG Nexus 4(8GB),2100
lg e973optimus g,2100
V788D,1400
Phone S850e,1760
Z5 Mini,2300
de-t11,1420
MOTO XT711,1390
koobee a66,1500
I579,1350
XT603(Admiral),1860
htc a9188,1400
HTC Z715E,1730
HTC EVO 4G(A9292 S),1500
LG Optimus L7 II Dual,2460
s6500galaxy mini 2,1300
T72,1450
MOTOROLA XT702,1390
XT889(RAZR V),1780
MOTOROLA XT701,1390
HTC Desire 608t,1860
SII,2500
5820,1300
i8520beam,1800
lg  p993optimus 2x,1500
u795,1600
9930,1900
A630e,2500
xt907droid razr m,2000
Xperia S LT26i,1750
gn320,1550
HTC DREAM,1150
A278t,1500
ZTE-V9E,3400
LG Lucid 4G(Cayman),1700
E7,1800
a6288,1350
Ascend D2,3000
E6,2000
AT390,1500
MIRA T970,2000
ThL W7(8GB),2300
t6,1800
p80w,1850
t3,1500
N808,2530
N809,2530
HTC Desire 606w,1860
gn215,1550
gn210,1550
HTC A9188,1400
GALAXY Note II N7102i,3100
HTC DESIRE HD (G10),1230
I9100(GALAXY SII)16GB,1650
A750,2000
COOLPAD W706,1300
HS-U8,1630
LT15/18I-DIMIUI,1500
OPPO X907(Finder),1530
htc c715eevo design 4g,1520
d510,1500
Galaxy SII WiMAX,1850
HTC One SC(T528d),1800
LG Apex,1500
MOTOROLA XT928,1735
Conquest Knight XV,1950
I9502(GALAXY S432GB),2600
HTC Droid Eris,1300
T759 Exhibit 4G,1500
HTC A810E,1250
me600,1380
m830galaxy rush,1750
I50,1600
PadFone Infinity A80(64GB),2400
Xperia U ST25i,1320
TCL J310,1400
u8652,1400
t8500,1250
nexus d,1750
ThL A2,2000
n818,2050
i9101(GALAXY SII),1650
C8812+,1500
Droid 4(Milestone 4),1785
Defy XT535,1650
phone a500,1500
htc mecha s,1400
COOLPAD 8150,1700
tcl a906,1150
U788,1400
G330C(C8825D),1500
E3,1800
R910,1500
C610,1800
s8520,1400
Phone S720,2000
A860w(V),2800
A199,2100
htc one vx,1810
mt27ixperia sola,1265
S7562i,1500
W6500,2400
i8250,1650
Vega LTE,1830
I9220 GALAXY Note,2500
c800,1500
HTC EXPLORER A310E,1230
r920galaxy attain 4g,1650
G520S,1700
A376,1500
S2,1500
S1,1800
n79,1450
S5,2000
i1314,1500
GN708W(2),2100
G610C,2150
ascend p1 xlu9200e,2600
MX(16G),1700
I339,1200
ThL (W11),2000
Twist,940
S5690(GALAXY Xcover),1500
LG F100S(Optimus Vu),2080
XT800,1390
LG  Optimus Sol E730,1500
htc s728eone x+,2100
XT806,1380
i889galaxy note,2500
Phone A520,1500
XT702(milestone),1390
x930,2400
xt885razr v,1750
V6700,1400
GT-I8150,1500
G520,1700
S8520,1400
HTC DESIRE HD A9191,1230
xt531domino+,1500
Milestone,1390
GT-I9003L,1650
S5698(GALAXY Xcover),1500
htc t328dvc,1650
Ascend P2 mini,3000
OPPOX903,1500
HTC One S,1650
Meitu Kiss,1800
k99+,1500
OPPOX905,1520
htc a320ec,1230
HTC Gratia(Aria),1200
ME511,1130
HTC Butterfly S,3200
V920,1800
TCL S810,1800
HTC SENSATION Z710E,1520
a6388,1300
i9300 galaxy siii,16gb,2100
f2,1500
HTC ARIA A6380,1200
u8650sonic,1250
ot 979hello kitty,1500
V980T,1800
E90,1500
I9260(GALAXY Premier),2100
w626,1530
ZTE-C R750,1500
90(8190),1650
T586,1200
T580,1200
G2s,2200
S6358(GALAXY Ace Dear),1300
U8650,1250
N828 V,2050
u8500,1150
Nexus Prime(Galaxy Nexus),2000
I9300(Galaxy SIII 64GB),2100
HTC One X(16GB),1800
HTC Inspire 4G,1230
htc t328tvt,1650
ZTE-C N600PLUS,1000
MOTOROLA CLIQ,1420
Vega Iron A870,2150
obee i828,1200
102SH II,1520
xt923razr hd,3300
102SH,1520
N880G,2000
N880F,1600
pad s2005a,1680
Xperia J ST26i,1750
GN868H,1600
v929,1800
mt25ixperia neo l,1500
GLAM,1390
N880S,1250
v926,1500
htc explorer,1230
v920,1650
XPERIA PLAY,1500
Nexus S,1500
voto w6100,1520
I8730 GALAXY Express,2000
TCL A996,1500
U8500,1150
TCL A990,1300
arrows es,1400
Ascend2,3000
phone A360,1500
TCL A998,1500
EG929,1420
gn700t,1800
i7500u,1500
gn700w,1800
5560S,1100
i509galaxy y,1200
HTC INCREDIBLE S/S710E,1450
Repp,1500
e700,1700
galaxy note ii n710016gb,3100
t80,1200
s6108galaxy y p0p,1200
galaxy note lte,2500
tcl c995,1800
7295+,2000
s7562igalaxy s duos,1500
M959,1400
U8655 Ascend Y200,1400
MOTO XT720,1390
B5510(GALAXY Y PRO),1200
ascend p1 lte,2000
I919U GALAXY S Duos,1650
GT-I9100 FOR SK,1650
A1260,1130
One Touch Snap,1800
8150D,1500
E820,1500
GT-S5360L,1200
LG-P610S,1280
2S,2000
I9100G,1650
EG950,1900
2X,3000
MOTOROLA XT711,1390
2A,2030
zopo libero ,1300
i909galaxy s,1500
lg optimus 2x,1500
Arrows Z(ISW11F),1460
LG-E739,1500
HTC INSPIRE 4G FOR VODAFONE,1230
HTC EVO 3D(GSM),1730
9900,1800
s400,1400
e810,1350
e210sgalaxy siii,2100
lt28ixperia ion,1900
I9020(Nexus S),1500
U8660,1250
D539,2500
ZN4,950
HTC G14,1520
D530,1280
HTC G11,1450
i9300 galaxy siii,2100
lg p698,1500
n79+,1450
htc evo shift 4g,1500
MOTO XT928,1735
Electrify(Photon 4G),1700
koobee i50,1600
lg e405foptimus l3 dual,1500
koobee i55,1600
m340sgalaxy m,1650
Phone P700,2500
XT910(Droid RAZR/),1780
n790,1200
MOTOROLA XT800,1390
t710,2000
I5800(Galaxy 3),1500
MOTOROLA XT806,1380
N818,2050
MT788,1735
lg e510optimus glare,1500
ST17I,1200
E9,1300
E5,2000
Z3,3200
MT917(Droid RAZR),1780
U8836D,1930
A1680,1130
gn200,1400
HTC One(16GB),2300
d500,1500
Ascend P6,2000
A760,2000
A766,2000
s5670galaxy fit,1350
TCL D920,2000
HIKe X1,2300
V976(3),2000
lg optimus 3d p920,1500
COOLPAD W711,1280
mt15i xperia neo,1500
vivo S9t,2000
c8650,1400
c8655,1250
Ascend P2,2420
htc g17 evo 3dc,1730
htc evo 4g lte,2000
t900,2000
MOTOROLA XT300,1130
I759,1500
F-10D,1800
v3,1500
SH7218U,960
Grand Memo,3200
mione 1sm1s,1930
beTouch E120,1500
GN105,1300
u960s,1400
i9268,1650
lg e730optimus sol,1500
U956,2500
OT-979,1500
U958,1700
Kis 1,2000
GN107,1500
agm v5,2000
HUAWEI U9000,1400
U795,1600
U793,1150
u960d,1600
U791,1150
U790,1200
htc hero s,1520
td8208,1450
GN100,1280
Premia 4G,1650
HUAWEI U8500,1150
HTC MYTOUCH 4G,1400
ME501(Quench),1390
ieva d5,1450
I9158(GALAXY MEGA 5.8),2600
KissU90,2000
ieva d3,1500
n950,1300
Phone A765e,1700
HTC J(ISW13HT),1810
X3,2600
X1,2000
LT26I,1750
X7,1800
phone a60+,1500
HTC Desire 609d,1860
8085,1900
G1305,1100
LG Nexus 4,2100
9120(S),1700
thl v12,1300
SCH-I500(Fascinate),1500
E5680,1650
mb861atrix 4g,1930
C8813D,1700
ZTE-U V880,1250
xt319,1390
c900,1300
i9100g galaxy sii,1650
M1,1300
xt317,1390
xt316,1390
phone a60,1500
MB525,1500
phone a65,1500
M2,1500
T912,1300
CHANGHONG-Z-ME,1410
N881F,2000
htc mobile g2,1300
5213,1500
5210,1500
5211,1500
oppo x907(finder),1500
A288t,1500
innos d9,4160
et919,1700
oppo find 5,2500
galaxy note ii n7108,3100
k7,1500
htc droid incredible 4g,1700
V900,1400
ThL T2,1250
ThL T3,2000
k9,1600
k8,1600
E616,1600
OPPO R823T,1710
DROID RAZR HD,2500
TCL J630,1600
E86,1300
One Touch Star,1500
Ascend P1(U9200),1670
T959V,1500
N980,2500
i5500galaxy 5,1200
E88,2000
U8500(HiQQ),1150
HTC XE(Z715e),1730
T760,1500
tcl s710,1800
ME511(MB511),1130
Galaxy Pro B7510,1350
Droid X2,1540
ThL,2000
LG-C660,1500
AQUOS PHONE SL IS15SH,1430
U880s,1400
HTC HD7S(T9295),1230
I9000(Galaxy S 8GB),1500
I9200(GALAXY MEGA 6.3/16GB),3200
XT390,1390
HTC  Incredible S(G11),1450
I9150(GALAXY MEGA 5.8),2600
D50,1500
i9305galaxy siii lte,2100
LG P990(star),1500
GnoteM,2000
ME600(Backflip),1380
iEva D5,1450
iEva D7,1300
iEva D708,1100
HTC A810e(ChaCha),1250
iEva D3,1500
i9100 galaxy sii,1650
ME722,1390
LG P880(Optimus 4X HD),2150
LG GT540,1500
U960Q,2000
xt882,1880
lg e960 nexus 416gb,2100
s5578galaxy mini,1200
s5660galaxy gio,1350
padfone232gb,2140
S7572,1500
XT626,1880
u880,1250
U960D,1600
u885,1650
X10IX1AX1AX1AX1A,1500
sh7218u,960
t96,1630
x10i,1500
MB855,1650
U960s,1400
I415(Stratosphere II),1800
MOTOROLA TRIUMPH,1400
ZTE-C N880,1250
J4,2900
ST17i(Xperia active),1200
J3,3000
7728,1600
s5570galaxy mini,1200
8730,2000
I5801(Galaxy 3),1500
XT711,1390
MOTO XT912,1780
MOTO XT910,1780
XT531,1500
XT532,1500
e120lgalaxy sii hd lte,1850
V990,1930
HTC G14 SENSATION,1520
me525+defy+,1650
MOTOROLA XT720,1390
I9192(GALAXY S4 Mini),1900
S717,2150
HTC Droid DNA,2020
eg6188,1500
HTC WILDFIRE S A510E,1230
HTC AMAZE 4G,1730
e800,2000
5210A,1300
GT-I9000,1500
D833,2400
MOTOROLA XT532,1500
Galaxy Music S6010,1300
G525,1700
htc one v,1500
5210D,1300
htc one s,1650
FashionTV,1250
n788,1400
HTC Bravo,1400
LG-P500,1500
n780,1350
I9152(GALAXY MEGA 5.8),2600
W737,2400
W736,2400
MI-ONE,1930
acer s300iconia smart,1500
t700,1500
i8150galaxy w,1500
c8860e honor ,1930
MI-ONE PLU,1930
HTC A3360,1300
One Touch Snap LTE,2200
C8813Q,1700
OPPO R805,1400
PHILIPS V808,1000
xt910 maxxrazr maxx,3300
n880f,1600
n880e,1650
zopo zp900s,2300
XT553(XT550),1735
ME525+,1650
i997infuse 4g,1750
n880s,1250
Phone A530,1500
HUAWEI S8520,1400
A60+,1500
phone s880,2250
Bambook S1(16GB),1930
i9008lgalaxy s,1500
HTC Legend(G6),1300
I9100(Galaxy SII)32GB,1650
phone S2,1500
K (4GB),2000
gn305,1500
gn868h,1600
MX(64GB),1700
w899,1500
203SH,2200
mb870droid x2,1540
7290,1800
ieva d770,1500
OT-990M,1300
beTouch E130,1500
7295,2000
T81,1800
htc vivid,1620
PadFone Infinity A86,2400
Y320,1350
T92,1630
t800,2000
N881E,1600
xt760,1650
+ G600C(C8950D),1930
sh-x1,1500
W706+,1300
u985grand era,1800
xt922razr hd,2530
e110scelox,1750
A60s,1230
Warp,1600
V9(II),1800
htc a310e,1230
HTC T329w,1650
HTC DESIRE HD G10,1230
HTC INCREDIBLE S S710E FOR AT,1450
OPPO U2S(U707T),3000
xt788,1735
htc g12desire s,1450
HTC J Butterfly,1810
LG Optimus L4,1700
5860s,1700
M130L Galaxy U,1500
x950,1600
vinus vs8000 xl,2000
s500,1600
Xperia M Dual,1750
google nexus one,1400
M9 RE(8G),1370
I8262(GALAXY Core),1800
GN168T,1500
htc z710e,1520
T909,1630
T908,1630
Geek V975,2300
voto w5300,1520
5860+,1500
T500(S),1450
lg as680optimus 2,1500
A80S,1600
HTC Vivid,1620
htc zeta,1830
HIKe PANDORA QI,2550
N310,1300
I569,1350
LT18I,1500
HTC ChaCha(G16),1250
ZTE-X500,1200
HTC HD Dual,1800
n8000galaxy note 10.1,7000
N79+,1450
w806+,1800
LG Optimus Black(P970),1500
N87T,1600
xt611motosmart flip,1540
HTC T329d,1650
GN380,1550
i9050,1650
V930,3000
A80t,1600
C666t,1420
HTC G21 SENSATION XL,1600
GN103,1400
VIVO Y1,1350
s5830i,1350
e15ix8,1200
lg p990,1500
GN360,1500
HTC A310e,1230
MT870,1880
vinus v6i,1250
HTC Z710T,1520
E860,1200
htc t320e one v,1500
Droid 2,1400
vinus v8 note,2000
HTC Z710E,1520
HTC X710e Raider 4G(G19),1620
D822,2000
u8520,1500
HTC A310E,1230
vivo Xplay(32GB),3400
HTC EVO 4G FOR SPRINT,1500
I8552(GALAXY Win),2000
xt553,1735
M601,1500
n820360,2050
HTC EVO 4G FOR SPRING,1500
i8190 galaxy siii mini8gb,1500
lg p970optimus white,1500
padfone,1520
Xperia neo L MT25i,1460
V985(Grand Era),1800
LG  Esteem,1500
xt550,1735
I9082i(GALAXY GRAND DUOS),2100
xt980razr hd,3300
LG P698,1500
lg p355,1280
ME863(3),1500
HTC XL(X315e),1600
ThL T1,1500
OPPO Real R817,1710
iEva D710,1500
v6500,1400
i919galaxy s duos,1650
K (8GB),2000
xt889razr v,1780
CHANGHONG Z1,3000
HTC  Z710e,1520
Ascend mate,4050
EG906,1850
OPTIMUS 2,1500
MC001,2450
s6802galaxy ace duos,1300
MC003,4000
MC002,3000
i569galaxy gio,1350
U880F1,1600
LG Spirit 4G,2150
U988S(Geek),2300
Blade III,1600
koobee a52,1600
Y220T,1500
N821(360),2050
koobee a56,2000
i777,1650
vivo v2,1880
vivo v1,1500
HAIER-N88W,1600
HTC GRATIA A6380,1200
F500,1500
XT702,1390
XT701,1390
CBT1805,1800
E89,1000
W632,2100
W635,1630
T28,1200
XT800W,1390
zopo field ,1800
C8860E(Honor/ ),1930
htc s720tone xt,1800
W810,1250
COOLPAD 5860,1700
TCL D768,1800
Phone K860i,2250
Phone(3GW101),1500
GT-S5570,1200
t769galaxy s blaze 4g,1750
galaxy tab 7.0 plus p6200(16gb),4000
I939D (GALAXY SIII),2100
W706,1300
5010,1400
u9510ascend d1 ,1800
vivo E1,1220
E80,2000
W700,1500
s757,2000
lg p920optimus 3d,1500
phone a798t,2000
i535galaxy siii,2100
phone s899t,2000
I8262D,1700
HTC EVO DESIGN 4G,1520
ThL V12,1300
i9108galaxy sii,1650
htc c510e,1520
ThL V11,1650
e900,1500
u8,1630
C8815,2100
u5,1500
u7,1500
u6,1500
u3,3000
u2,1300
OPPO R819,2000
S5280 (GALAXY Star),1200
OPPO R811,1520
beTouch E140,1300
GALAXY Note II N7100(16GB),3100
GT-I9100P,1650
U6,1800
GT-I9100T,1650
phone p770,3300
ZTE-C N880S,1250
de-g01,1500
LG Optimus L7 II (P715),1700
vinus vs4000m,1450
ot 986 360,1800
GT-I9100G,1650
s5838galaxy ace,1350
HTC A9191 FOR SPRINT,1230
I7500,1500
LG P500(Optimus One),1500
GT-I9100M,1650
Grand Memo(32GB),3200
GEAK Mars,3200
ME870,1880
I779,1650
MOTOROLA XT912,1780
htc jz321e,1810
MOTOROLA XT910,1780
e v2,3000
RAZR D1,1785
2S(32GB),2000
W710,2150
u8660,1250
HTC One XT(S720t),1800
HTC G19 RAIDER 4G?X710E?,1620
9100,1700
I88,1600
I9128,2100
HUAWEI U8520,1500
7019a,1300
HTC C510e,1520
U970,1600
A10,1500
ascend mate,4000
V880+(Blade II),1250
vivo X1,2000
W719,1420
me811droid x,1540
003SH,1390
U887,2000
U885,1650
HTC INCREDIBLE S,1450
phone S560,2000
A8,1020
htc t528wone su,1800
7019A,1300
HTC C510E,1520
u788+,1400
i9018galaxy s,1500
T6,1800
ST15I,1200
beTouch E210,1300
htc g18sensation xe,1730
htc droid incredible2,1450
S300(Iconia Smart),1500
phone a660,1500
I9018,1500
N986,2300
A830,2250
t8100,1200
WX445(Citrus),1150
lg p999 optimus g2x,1500
u8680mytouch,1500
XT912(Droid RAZR),1780
GPhone,1500
I997 Infuse 4G,1750
MB508,1170
MB502,1130
MB501,1390
HTC S(A510e),1230
u8812dascend g302d,1350
ME525,1500
htc inspire 4g,1230
u9500ascend d1,1800
x810,1300
lt15ixperia arc,1500
lg optimus vu,2080
Electrify M,2000
skate V960,1400
Hydro,1500
lt30pxperia t,1850
T8950N,1930
TCL J630T,1600
Phone S880i,2250
bfb w9000+,1400
Phone P70,2000
ThL V9,1550
ST18i(Xperia ray),1500
5910,1700
W910(360),1760
V929,1800
V928,1500
N780,1350
V927,1500
V926,1500
ZTE-T U960S,1400
W1,4050
G610S,2150
CHANGHONGM28,1500
g3,2750
g2,1500
g1,1500
XT610 Droid Pro,1420
E810,1350
SUGAR SS129(32GB),2350
GALAXY S4(I9500),2600
i9260 galaxy premier16gb,2100
I959(GALAXY S4),2600
htc g22 amaze 4gx715e,1730
N760,1350
MB612,1860
MB611,1390
G309T Pro( T8830 Pro ),1500
XT862(Droid 3),1500
C800,1500
lg p693,1500
oppo real r803,1400
oppo real r801,1500
oppo real r807,1520
N9510C,2070
U8661,1250
HTC S715E,1450
HTC DESIRE HD A9191 (SPRINT),1230
A698t,1500
U9510E(Ascend D1  XL),2600
phone a800,2000
Droid X,1540
OPPO R821T,1700
GN777,2000
MT917,1780
E926,2000
E920,1630
MX2,1800
Xperia E,1500
U950S,1900
gnote2,2750
Xperia UL,2300
Xperia M,1750
tcl s600,1500
DELL VENUE,1400
HTC Z560e(One S),1650
U788+,1400
EG928,2200
m35,1350
SGH-T939 BeholdII,1500
I9295 GALAXY S4 Active,2600
GN170,2500
M701,2000
intel xolo x900,1460
digitalk de8101naissance,1500
MOTO XT681,1390
M9(16G),1370
Skate N960,1400
LG-P503,1500
honor ,1930
T8808D(Ascend G 306T),1500
GALAXY Note 3(GALAXY Note III),3200
5860S,1700
SH8298U,1180
z1,2500
GALAXY S4(I9508C/TD-LTE),2600
HTC S510b(G20),1450
Arrows X LTE,1400
X8(E15i),1200
Arrows ES IS12F,1400
MX(32G),1700
ASUS A10,1500
Y210(8685D),1700
HTC Z510D 4G T9199S FOR AT,1500
htc t528done sc,1800
HTC DESIRE,1450
g58,1200
TCL J330,1300
A390e,1300
SH8118U,1190
lg p925thrill 4g,1500
style q,1200
TCL J210C,1300
bfb w9260,1500
A73,1450
A390t,1500
iEva D2,1500
N970,1600
HTC  S710d( Incredible S),1450
v881aglaia,1500
HTC MAGIC,1340
GT-I5508,1200
T9510E(Ascend D1),2600
GT-9100,1650
LG P999(Optimus G2x,T Optimus 2x),1500
M340S(Galaxy M),1350
vivo Xplay(16GB),3400
S5660(GALAXY Gio),1350
HTC Desire 5088,1860
V5 Touch,2800
W711,1280
TCL J320T,1500
HTC One X(S720e) 32GB,1800
X876/Raise,1500
U8833(Y300),1730
TCL J320D,1500
activa 4g,1880
TCL J320C,1500
HS-ET919,1700
Phone S890,2250
lg mytouch q,1500
F9,2100
Z5(32GB),2300
t720,1500
GT-S5690,1500
W626,1530
SH631W,1650
U880s2,1400
u8860 honor,1930
Streak 5(M01M) Opus One,1530
xt925razr hd,2530
g1345,1500
tcl d662,1500
LENOVO A60,1500
ascend p1t9200,1670
102sh,1520
htc s510es,1450
htc t328wv,1650
phone A1(Phone Mini),1500
S6810(GALAXY Fame),1300
mx 16gb,1600
s600x,2500
HTC EVO 3D X515A BEATS AUDIO,1730
V807(Blade C),1600
HTC X515E(EVO 4G+),1730
S610T,1600
LG E405f,1500
gn105,1300
gn106,1300
LG P705(Optimus L7 ),1700
gn100,1280
ZTE-T U960,1500
2(32GB),2000
HTC One Nexus,2300
gn109,1300
GN100T,1280
E6 Mini,3000
Xperia Duo,2500
htc z715exe,1730
t539,1630
I9508(GALAXY S4),2600
lg e960 nexus 48gb,2100
V6500,1400
A06,1600
t820,2000
lg f160loptimus lte 2,2150
S7566,1500
LG P993(Optimus 2X ),1500
a300,1450
eg189,2500
S7562,1500
u8825dascend g330d,1500
lg p999optimus g2x,1500
htc t328ex,1650
S7568,1500
HTC Desire S(G12),1450
vivo Y1,1350
T930,1630
a900,1500
HTC Droid Incredible 4G LTE,1700
Galaxy Appeal,1300
Vibrant 4G(Galaxy S 4G),1650
Breakout,1500
U850,1300
i08,2000
X10I,1500
HIKe PHANTOM 2,2200
xt320defy mini,1650
HTC One X+,1800
mi-one c1m1,1930
bfb 4s+,1400
b9120ii,1500
lg lu6200optimus lte,1830
CHANGHONGM18,1540
beTouch E110,1500
Y210C,1700
A820,2000
t959fascinate 4g,1500
LG Optimus 3D(P920),1500
ZTE-C N780,1350
MB511,1130
u9510eascend d1  xl,2600
Venue,1400
HTC  Droid Incredible,1300
AK47(36047),1800
htc a510cs,1230
HTC Vision(T-Mobile G2),1400
P945,3000
OPPO Ulike2(U705t),2020
ThL W3,2000
ThL W2,3000
ThL W1,1550
ThL W7,2300
XT910 MAXX(Droid RAZR MAXX),3300
htc x315exl,1600
V889S,1600
xt800+,1390
ThL W9,2300
ThL W8,2000
mars1,1300
mars2,1500
Ascend G350,1730
xt626double v,1880
HTC Droid Incredible2,1450
MAX II 7296,2500
sh8298u,1180
GALAXY S5,2600
V956,1600
2900,1600
u9200ascend p1,1670
C8650+,1250
xt910razr,1780
E806,1800
mx re,1600
ASUS_LAPTOP,1520
OPPO Find 5 32GB,2510
mt887razr v,1750
HTC Status(AT&T),1250
Liquid S1,2400
Liquid S2,3300
HUAWEI U8652,1400
oppo real r817,1710
TCL J600T,1600
n90,1630
i589galaxy ace duos,1650
HTC  S710e(Incredible S),1450
HTC INCREDIBLE S WITH BEATS AUDIO S710E,1450
htc g15salsa,1520
HTC DESIRE S (G12),1450
U9500E(Ascend D1 XL),2600
i9070 galaxy s advance8gb,1500
N855D,1650
v961,1400
v960,1800
G1345,1500
LG Optimus Net P690,1500
i9003galaxy sl,1650
u98,2700
i9023nexus s,1500
mt917droid razr,1750
X10mini Pro(U20i),930
w718 360,2000
me632pro+,1390
Liquid E1,1760
c8850 vision,1400
XT300,1130
htc s610d,1400
lg p970optimus black,1500
m28,1500
I5500(Galaxy 5),1200
U8230,1500
phone s850e,1760
sk17ixperia mini pro,1200
OT-927,1150
HTC Z510d(S),1500
GN181,3000
GN180,2500
EG960,2000
g1317s,1260
S901+,1600
X817,3200
K1,1800
XT536,1650
K7,1600
K5,2200
W899,1500
K9,1600
g1317d,1260
S5830i(GALAXY Ace),1350
b7510galaxy pro,1350
XT720,1390
i8190 galaxy siii mini16gb,1500
S6812(GALAXY Fame),1300
MB860,1880
MB861,1880
b5510galaxy y pro,1200
ME600,1380
W606,1500
GT-I9088,1500
HTC S610D,1400
Atrix 4G(ME860),1880
HERO,1350
innos a35,1350
i9070 galaxy s advance16gb,1500
HTC DESIRE S WITH BEATS AUDIO S510E,1450
gn777e,2000
XT500,1230
XT502,1230
5890,1700
r750+,1500
gn800,2100
LG-LU6200,1830
5899,3000
HTC S728e(One X+),2100
HTC E1(603e),2100
OT 986+,1800
LG Optimus True HD LTE,1830
N950,1300
s720cgalaxy proclaim,1500
I559(Galaxy Mini),1200
htc s510b,1600
Grand Memo(U9815/TD-LTE),3200
XT615,1390
MOTO XT300,1130
MOTO XT301,1130
HTC Bee,1300
w536,1630
LG Optimus White(P970),1500
Pax,1860
Grand S,1780
HTC PANACHE,1400
A05,1300
HTC VELOCITY 4G X710S,1620
MOTOROLA XT681,1390
Phone S880,2250
t750,1300
HTC T327t,1650
xt300spice,1130
lg vs920spectrum,1830
HTC T327w,1650
AM788,1850
E600T,1300
HTC VELOCITY 4G X710E,1620
COOLPAD 8811,1280
COOLPAD 8810,1300
W656,1500
LG Optimus M,1500
lt26ixperia s,1750
ascend p1 s,1800
GN137,1700
LG-P999,1500
W930,2000
S6812C(GALAXY Fame),1300
HUAWEI U8500 HIQQ,1150
LG-P990,1500
LG-P993,1500
007SH KT,1433
I8258,1500
I8250,1650
E912,1300
MT887(RAZR V),1750
1S(M1S),1930
lg optimus vu 2,2150
S306(S),1350
U930,1630
v882lord,1500
OPPO Real R801,1500
D633,1630
I710,1500
tcl  s900,1800
HTC INCREDIBLE S WITH BEATS AUDIO,1450
HUAWEI T8500,1250
N983,2070
Z8T,4000
TCL Y910,3400
c8500s,1050
XL39h(Xperia Z Ultra),3000
us920,1600
Phone(3GW100),1500
Y310,1500
Rise,1500
r930galaxy s aviator,1600
ZTE-T U970,1600
htc  thunderbolt,1400
i9100ggalaxy sii,1650
HTC VELOCITY 4G,1620
GT-I9008L,1500
acer liquid e,1350
OPPO Real R803,1400
N3,2500
v880+blade ii,1250
OPPO Real R807,1520
htc sensation 2,1730
SH837M,1900
t830,1500
Gnote,2000
HTC Sensation XL(G21),1600
HTC EVO 4G,1500
A72,1500
SH837U,1900
f-07d,1400
SH837W,2100
w990,2350
S899t,2000
w999,1500
galaxy r style,2000
TCL J900T,1900
A720,1680
A106,1500
W95,2000
c8812,1350
U8832D,2000
Opus One/i1,1400
HAIER-N80W,1500
A109,1600
W8510,3300
i9260 galaxy premier8gb,2100
E3T,1800
DELL STREAK,1530
i929galaxy sii duo,1800
I9268(GALAXY Premier),2100
Xperia V LT25i,1750
TCL W969,1300
GALAXY Note II N7108,3100
a80,1500
LG US730(Splendor),1700
LG-P970,1500
xt685,1550
e16iw8,1200
N930,1300
Runbo X5,3800
Mix X5,2200
F-12C,1460
u8832d,2000
SH7228U,960
i727galaxy sii skyrocket,1850
OT-985,1300
HTC Desire(G7),1400
3GW100,1500
3GW101,1500
Y220S,1350
galaxy note ii n7102,3100
HTC INCREDIBLE S KNOWING FORMULATION,1450
g1350,1750
TCL S700T,2000
Phone A710e,1500
vinus v6,1500
x850,1000
vinus v9,1720
vinus v8,1650
LG Phoenix,1500
T539,1630
galaxy note ii n710032gb,3100
S920,2250
+ G600(U8950D),1930
i9308 galaxy siii,2100
MT11I,1500
ksp8000,1370
padfone216gb,2140
ot 986+,1800
HUAWEI U8660,1250
lg c660optimus pro,1500
Droid Mini,2000
t8830g309t,1500
aqua,1400
c610,1800
wg200,1650
TCL W989,1500
8811,1280
8810,1300
A790e,1500
LG GW620,1500
E900,1500
D10,2100
Y210S,1700
HTC HD2(LEO),1230
xt865droid bionic,1735
W732,2400
S5570(Galaxy Mini),1200
m18,1500
LG P930(Nitro HD,AT&TOptimus 4G LTE),1830
PadFone 2(32GB),2140
Smart,1400
vivo s9,2000
ZTE-C R750PLUS,1500
phone a668t,1500
xt862droid 3,1540
phone a1,1500
N60,1400
N69,1350
E5670,1150
S5t,2000
I9228(GALAXY Note),2500
SH-06D,1520
SH-06E,2600
mt73,1100
U8220(Pulse),1500
XT806lx,1380
HTC Desire SV,1620
vivo s1,1880
lg p705optimus l7,1700
HTC DESIRE S BY:ZK7513153,1450
8076,1500
GN818T,1800
HTC Thunderbolt 4G,1400
lg ms770motion 4g,1700
ascend p1,1670
U930HD,1800
MB810,1500
MOTOROLA XT800 PLUS,1390
a101,1400
HTC DESIRE HD A9191 FOR AT,1230
a8188,1500
GT-S5360,1200
DROID4,1785
DROID2,1400
I9308(GALAXY SIII),2100
SK19i,1200
HTC S(A510c),1230
Imperial,2500
5880,1500
me8633,1500
M110S(Galaxy S),1500
HTC S720t One XT(16GB),1800
S5360(GALAXY Y),1200
S750,2000
g'five a57,1150
HUAWEI C8500,1050
S757,2000
MOTO XT317,1390
MOTO XT316,1390
LG E510 Optimus Glare,1500
HTC Rhyme(Bliss/G20),1600
lt28hxperia ion,1900
DROID MAXX,3500
tcl s800,1800
LG Thrill 4G,1500
GT-I9003,1650
HTC One XL,1800
HAIER-N6E,1100
Phone P770,3500
v2,1100
MOTOROLA XT301,1130
U8850(Vision ),1400
n505,1500
v7,1500
v8,2000
n509,1350
h5018,1400
One Touch Idol X,2000
HUAWEI C8500 S,1050
v760,1500
MI-ONE C1,1930
d68,1250
7500,1300
I8558(GALAXY Win),2000
htc a810echacha,1250
ST18I,1500
HTC BLISS,1450
Droid X(ME811),1540
s7508galaxy ace plus,1300
c8600,1500
HTC  S610d(Merge),1400
M900(Moment),1440
s9500,2500
M1(MIUI),1930
HUAWEI U8860,1930
GT-S5660M,1350
d68x,1500
I909(SPhone),1500
HTC EVO 4G LTE,1800
i9300 galaxy siii,64gb,2100
TCL Y900,2500
Xperia acro S LT26w,1840
A370e,1500
htc g16chacha,1250
sh7228u,960
S 8720,2000
HTC INSPIRE 4G FOR AT,1230
htc sensation 4g,1520
S5301 GALAXY Pocket Plus,1200
smart,1400
OPPO T703,1500
I919(GALAXY S Duos),1650
LG P930,1830
9960hd,2000
ascend p lte,2000
S120(Liquid Metal),1500
HTC HD2,1230
HTC X315E,1600
U8818(Ascend G300),1350
5891,2000
ThL W6,2300
I9208(GALAXY MEGA 6.3),3200
ThL W5,2000
V808,1000
A65,1500
A66,1500
A60,1500
deovo v5360,1850
i897captivate,1500
lg p990star,1500
phone s680,1760
XT928(Droid RAZR),1735
Gnote2,2750
xt897photon q 4g lte,1785
D910T,1500
c8550,1050
HTC G20 FOR SPRINT,1600
U9,2000
U8,1630
DELL STREAK MINI5,1530
HTC One 802d,2300
Thunder,1400
U7,1600
LG Optimus pro C660,1500
U2,1300
I509(GALAXY Y),1200
HTC One 802t,2300
A630,2500
V889D,1650
V880G(Blade G),2000
A590,2000
S820,2000
zopo zp200+,2000
v8000,1930
V889F,1600
HUAWEI C8850,1400
GBW870A,3000
i8160galaxy ace 2,1500
lg p690optimus net,1500
Phone A298t,1500
i5508,1200
htc one x+lte,2100
A630T,1700
SX30,1600
GN777E,2000
htc evo 4g,1500
e860,1350
bambook s116gb,1930
A209,1500
V889M,1650
HTC INSPIRE 4G A9192,1230
I8160(GALAXY Ace 2),1500
w300,1650
S7272(GALAXY Ace 3),1500
HTC Sensation (G14),1520
8950,1900
phone a580,1700
HTC EVO 3D,1730
i919ugalaxy s duos,1650
mi-one plusm1,1930
MX2 RE 32GB,1800
V955,2000
A770e,1300
Transform,1500
Phone A800,2000
C8500S,1050
td500,1300
HTC WILDFIRE,1300
XT320(Defy Mini),1650
acer e350liquid gallant duo,1500
GN320,1550
T-02D,1800
Cliq 2(Begonia/Alpha),1420
MOTO XT806LX,1380
t8950 +,1930
ot 908,1300
ot 906,1150
LG OPTIMUS 2X,1500
T82(Grand X LTE),1900
htc g11incredible s,1450
TCL J305T,1500
DP-01,2600
LG Optimus F5,2150
LG Optimus F7,2540
LG Optimus F6,2150
LG Optimus F3,2460
K2(32GB),3000
c600,1450
w6350,1630
I809,1500
I9205(GALAXY MEGA 6.3),3200
GN215,1550
Ascend P1 S,1800
phone a690,1500
GN210,1550
E800,2000
I9082 GALAXY Grand DUOS,2100
D20,1760
GT-I9228,2500
E910,1630
v980,1800
100A,1900
Phone A700e,1700
HTC HD2 T8585,1230
LG Nexus 4(LTE),2100
HTC One ST(T528t),1800
HTC Explorer,1230
T8100,1200
GT-I9000(Galaxy S ),1500
HTC A6390,1300
T9200(Ascend P1),1670
thl a1,1100
s5360galaxy y,1200
thl a2,2000
N79,1450
E170K GALAXY R Style,2000
htc t528tone st,1800
MEIZU_M9,1370
phone k2,1760
LG Nexus 4(16GB),2100
I699(GALAXY Trend),1500
One Touch Scribe HD,2500
OPPO R815T,1700
LG E510,1500
G330D (U8825D),1500
u960s3,2000
ThL W74G,2300
i659galaxy ace plus,1500
st21ixperia tipo,1500
htc g23 one xs720e,1800
7260+,1400
i9210galaxy sii lte,1850
H706,1850
S803,1500
s5698galaxy xcover,1500
C8826D(G500C),1930
XT907(RAZR M),2000
a66t,1450
U8951(G510),1700
GN205H,1500
I9080 GALAXY Grand,2100
htc evo one,2650
T8620,1250
i515 galaxy nexusc,1850
HTC Aria(G9),1200
vivo x1,2000
OT-906,1150
I6500U,1500
SH-07D,1520
gn868,1600
HTC Wildfire S(G13),1230
MX2 TD(32GB),1750
COOLPAD 5820,1300
HTC MYTOUCH4G,1400
Xperia miro ST23i,1500
v430,1200
MOTO XT320,1650
p500,2150
GT-T959,1500
OT-890D,1000
Discover,2100
HTC Lexicon(Lexikon),1300
MI-ONE PLUS,1930
i619galaxy ace dear,1300
GN136T,1500
