HTC,001HT
1005TG,A10-QM
1005TG,MID
1005TG,N10
1005TG,N10-QM
1080P-N003,1080P-N003
3GNET,U98
4S,4S
592zn,K-Touch U86
592zn,K-Touch W650
5Aiu,GoldWind
5Aiu,NM860
5Aiu,RunboX5-W
A2,A2
A7008TG,A78
A7008TG,N79
Acer,A1-810
Acer,A100
Acer,A101
Acer,A200
Acer,A500
Acer,A510
Acer,AK330
Acer,AK330S
ACER,AT390
acer,B1-710
acer,B1-A71
acer,DA241HL
Acer,E350
Acer,Liquid MT
Acer,Liquid
Acer,S300
Acer,S500
Acer,S510
Acer,Stream
Acer,V350
Acer,V360
Acer,V370
Acer,Z120
aigo,aigo_D1
ALCATEL,TCL C990
ALCATEL,TCL C995
alps,9
alps,03_v89_jbl
alps,15_6626
alps,4S
alps,5S
alps,6S
alps,7100
alps,750
alps,808
alps,A08
alps,A10
alps,A18
alps,A2
alps,A208
alps,A350
alps,A66
alps,A7*
alps,A8
alps,A8-NETPAL Smart V5
alps,A9
alps,A9550
alps,AK3Z
alps,ANTAI
alps,AOLE G3
alps,AOLE
alps,AOLE_858-4
alps,AS-05
alps,ASK_SP581_HD
alps,Advance TV
alps,Android
alps,Android(MT6589/4ºË)
alps,B722
alps,BAOFA M2
alps,BF A16
alps,BF-A10
alps,BF9300
alps,BF_A18
alps,BF_A6
alps,BF_A8
alps,BF_G11
alps,BL-A10D
alps,BM99-2
alps,BOHP P3
alps,BOHP P5
alps,BOHP-P5A
alps,BP-I9300
alps,C09S
alps,C12
alps,C2268
alps,C868
alps,C9
alps,CHIVA V936 NOTE
alps,COGOO Cosmic7
alps,COLMI E8
alps,CROSS-A20G
alps,CSN C11
alps,CT97
alps,CT99
alps,ChanghongV7
alps,Chenovo-M2+
alps,ChonghongV8
alps,Cloudfone Thrill 530qx
alps,Coolgen E71 HD
alps,Coolgen E72 Note3+
alps,D118
alps,D9900
alps,DH U890
alps,DK P110
alps,DK P120
alps,DK PAD99
alps,DK V350
alps,DK35A++
alps,DK35B
alps,DKMobiles
alps,DMD G20B
alps,DOEASY_E800
alps,DOOV_D600
alps,DTY
alps,DW-E20
alps,DX678
alps,Domod G17
alps,Dorado D1+
alps,E10B
alps,E120L
alps,E5680
alps,E818
alps,E830
alps,E9
alps,E900
alps,E9002
alps,E9003
alps,E96
alps,E960
alps,EA6900T
alps,EBEST F5
alps,EBEST V8
alps,EPADE S3
alps,ET A16
alps,ETA 18
alps,ETON T750
alps,F-ONE
alps,F108W
alps,FDT C838
alps,FDT G505
alps,G100
alps,G23
alps,G5
alps,G7
alps,G8801
alps,G8802
alps,G9
alps,G9800+
alps,GETEK-A5
alps,GETEK-A6B
alps,GETEK-A8
alps,GFIVE A770
alps,GHONG T618
alps,GIPO-I66
alps,GK1198
alps,GN800
alps,GO F1
alps,GOB A360
alps,GOBO i8
alps,GOCAN-P98
alps,GT-I8190
alps,GT-I9502
alps,GT-I9508
alps,GT-N7100
alps,GT-N7102
alps,GT-S5830
alps,GT-S5830i
alps,GT-S7562
alps,GT-i9220
alps,GT-i9300
alps,GT_S5830i
alps,GXQ_G1
alps,H15 Aries
alps,H311
alps,H701
alps,H7538
alps,HD-89
alps,HD470
alps,HEDY_H701
alps,HEDY_S801
alps,HOOW G6
alps,HOSIN T70
alps,HOSIN T70(OPEN)
alps,HOSIN U98
alps,HOSIN_V90
alps,HT7100
alps,HTC EVO 4GS
alps,HTC One S
alps,HTC One X
alps,HTC Rezound
alps,HTC_One
alps,HTC_One_S
alps,HW-W718
alps,HX-M02
alps,HX838
alps,Haier-W718
alps,Huawei
alps,I3
alps,I8000S
alps,I9000
alps,I9000S
alps,I9200
alps,I9900S
alps,IHD828
alps,IHD866
alps,ING800
alps,IUSAI i500
alps,IUSAI i701
alps,Infinity HD2
alps,Infinity HD2+
alps,J358
alps,JXD_P300
alps,JY-G1
alps,JY-G2
alps,K-Touch Kis 1
alps,K-Touch U81t
alps,K-one
alps,K1391
alps,K2
alps,K5
alps,KAVA V800
alps,KAVA
alps,KPT A43W
alps,KPT A9PLUS
alps,KT918+
alps,KliTON I806LS
alps,KliTON-I51SH
alps,KliTON-P600
alps,LA-I Dual core
alps,LA-I Q1
alps,LA-I
alps,LA-Q1
alps,LG9100
alps,LINGWIN U820S
alps,LM A15
alps,LM A15+
alps,LXT
alps,Lenovo A820t
alps,Lingwin 880C
alps,Lovme X20
alps,M2
alps,M7
alps,MASTONE G13
alps,MD656LL
alps,MI2
alps,MID
alps,MIGO_G9100
alps,MINI520
alps,MLLED M1
alps,MLLED_M1
alps,MOFOTO T6100
alps,MOFUT F1
alps,MOFUT T5
alps,MOFUT-F8SH
alps,MOFUT-F8YL
alps,MT6589
alps,MX X1
alps,MX-2
alps,MX2
alps,MyPhone A848i Duo
alps,Mytel
alps,N620
alps,N9
alps,N920A
alps,NOAIN A609
alps,NOAIN A700
alps,NOAIN A900
alps,NOAIN A900S
alps,NOAIN A908
alps,Netpal_A8_miPad
alps,Newcall-AG795
alps,Newish W500
alps,OK A15ÖÁ×ð°æ
alps,OKA13
alps,OKU1
alps,OPSSON IVO6600
alps,OPSSON iMO F4T
alps,OPSSON iMO1000
alps,OPSSON iMO850
alps,OUKI OK16S
alps,OUKI-A8
alps,OZZO-119+
alps,OZZO-119A
alps,OZZO-158
alps,P01C
alps,P200
alps,P200ËÄºË
alps,P2A
alps,P5
alps,P568D
alps,P860
alps,P860M
alps,PB-S3
alps,PB-S3-77
alps,PL998
alps,POP-P3
alps,PULID F11
alps,PULID F7
alps,Phonei5
alps,Q071
alps,Q1
alps,Q1Ç×Çé°æ
alps,Q508
alps,Q7CE
alps,Q8E
alps,Q918
alps,QIANGZHE P6
alps,QIXINGHEN6866
alps,R601
alps,R801
alps,R801T
alps,R805
alps,R811
alps,R813T
alps,R817
alps,RLT7777
alps,RO22
alps,RSD-V1
alps,Royalstar C188
alps,S108
alps,S4+
alps,S5
alps,S600
alps,S600S
alps,S6102
alps,S800_AE902
alps,S901
alps,SA-i960
alps,SHMA S1000
alps,SHMA-S2000
alps,SOP-G926
alps,SOP-G928
alps,SOP-G998-2
alps,SOP-W168
alps,SUBOR_EARI
alps,Simtelep Q68
alps,T29
alps,T33333
alps,T5966
alps,T5S
alps,T666
alps,T8100
alps,T9
alps,T900
alps,T9300i
alps,T9555
alps,T9989
alps,TCL J320T
alps,TD300
alps,TD800
alps,TE600-H
alps,TELSDA-3696
alps,TETC G16
alps,TETC-W318
alps,TIANPIN UNT988
alps,TOOKY A19PLUS
alps,TOOKY T1982
alps,TOOKY T1992
alps,TOOKY T88
alps,TSC Z10
alps,TSC Z9
alps,TX300
alps,Tensent S9000
alps,U-81
alps,U16
alps,U55GT
alps,U701
alps,U701T
alps,U705T
alps,U8
alps,U802
alps,U930
alps,U930B
alps,U980A
alps,Upad U 98s
alps,V.LAND EX350
alps,V1268
alps,V3
alps,V61
alps,V610A
alps,V62A
alps,V88
alps,V930
alps,V936
alps,V957
alps,V973
alps,V981
alps,V985
alps,VB 920
alps,VB910
alps,VB950
alps,VB_I5
alps,VINUS V6
alps,VINUS-V6
alps,VOTO-J5218
alps,VOW V5
alps,Victory_A18
alps,Victory_S3
alps,W105
alps,W109
alps,W58SX
alps,W6100
alps,W686
alps,W7200
alps,W80
alps,W88
alps,W900
alps,W960
alps,W970
alps,W990
alps,W99C
alps,WG509
alps,WP-W16
alps,X2
alps,X4
alps,X5
alps,X8 NOTE
alps,X9
alps,XiND XD6S
alps,Y210
alps,YC800
alps,YEPEN P666
alps,YOORD D166
alps,YOORD D599
alps,YOORD D766
alps,YP V610
alps,YTONE S3A
alps,YTONE S3C
alps,Z1
alps,Z1898
alps,ZIVI I8550
alps,ZOYE V16S
alps,ZP100
alps,ZP900
alps,ZTE U819
alps,ZTE U956
alps,aomor i8
alps,cayon Q1
alps,chuangyi
alps,crave S5A
alps,e1808_v75_jbl1
alps,e1815_lbx1
alps,e1901_v77_gq2008
alps,e1901_v77_jbl1_9p017
alps,e1911_v77_gq2000_ov5647
alps,eidolon15_nand_gb2
alps,epade A360S
alps,epade A7
alps,epade V05
alps,fulinpengda
alps,hexing15_6626_gb2
alps,i 6
alps,i9
alps,i90
alps,i9220
alps,i9500
alps,iPhone 4S
alps,iPhone5
alps,iPhone_4S
alps,iTouch-T3
alps,imatch i26
alps,intki E96
alps,intkiE93
alps,iphone 5
alps,iphone
alps,jinhuacheng
alps,kliton I30
alps,magcomm77_cu_ics2
alps,magcomm89_ics2
alps,n920
alps,newish V158
alps,shiyu
alps,signal75_gb2
alps,signal75_ics
alps,simdo_D96
alps,uphone
alps,v89_gq2008s
alps,v89_zlh_hd
alps,vanzo77_ics2
alps,xiaomi2
alps,¨Jß²É¢Î¨°®baby?
alps,´óÏÔ X920
alps,´óÏÔ16
alps,Ð¡ÓîÖæ ¡Á1
alps,ÁªÏëa830
Amazon,KFJWI
Amazon,KFOT
Amazon,KFTT
amlogic,K1
AMOI,AMOI A860w
AMOI,AMOI E700C
AMOI,AMOI M8228
AMOI,AMOI N807
AMOI,AMOI N808
AMOI,AMOI N809
AMOI,AMOI N816
AMOI,AMOI N820
AMOI,AMOI N821
AMOI,AMOI N828
AMOI,AMOI N89
AMOI,AMOI N890
AMOI,AMOI_N89
AMOI,Lenovo A830
AMOI,N828_R&A-7YU_20130409_http://rom.7zi.cn
AMPE,A79Q
android,A301C
android,A800
android,A9
Android,AUX V926T
Android,Android(MT6589/4ºË)
Android,D9
android,G7
android,G9C
Android,G9C_GC
Android,G9C_JLF2
Android,G9C_JLF4
Android,G9C_LX
android,GIPO-T200
android,JY805
Android,KONKA V920
android,L8109
android,L8303
android,LH801
android,M7S
android,N505
Android,S2
Android,TD999
android,UPOO_U2
Android,X3
android,X7
Android,X810i
android,X910
Android,XL_M6
Android,it319TD
AOLE B,AOLE 616 B
aoson,M30Q
aoson,aoson m33
Apple,iphone 5
archos,ARCHOS 80 COBALT
archos,ARCHOS 97 CARBON
archos,Archos 53 Platinum
arnova,ARNOVA 90G3
AS,T103
AS,V13
asus,ASUS A80
ASUS,ASUS T20
asus,ASUS Transformer Pad TF300T
asus,ASUS Transformer Pad TF700T
asus,ME171
asus,ME172V
asus,ME173X
asus,ME301T
asus,ME371MG
asus,Nexus 7
asus,PadFone 2
asus,PadFone Infinity
asus,PadFone
asus,Transformer Prime TF201
asus,Transformer TF101
asus,Transformer TF101G
AUX,M910A
AUX,V900A
AUX,V926B
AUX,V926D
AUX,V929B
AUX,V988AW
AUX,V990
AWIO,AWIO_X800
Baidu,AMOI N816
Baidu,Coolpad 5890
Baidu,Desire S
Baidu,Full AOSP on Maguro
Baidu,GT-I9300
Baidu,GT-N7000
Baidu,GiONEE GN180
Baidu,HTC Desire HD
Baidu,HTC S720e
Baidu,HTC T328d
Baidu,HTC T328t
Baidu,HTC T328w
Baidu,HUAWEI C8812
Baidu,HUAWEI C8812E
Baidu,HUAWEI C8812E-Jelly Bean
Baidu,HUAWEI C8813
Baidu,HUAWEI C8813D
Baidu,HUAWEI C8813Q
Baidu,HUAWEI C8815
Baidu,HUAWEI C8825D
Baidu,HUAWEI C8950D
Baidu,HUAWEI G520-5000
Baidu,HUAWEI U8800 Pro
Baidu,HUAWEI U8818
Baidu,HUAWEI U8825D
Baidu,HUAWEI U8860
Baidu,Incredible S
Baidu,JIAYU G3_ROM
Baidu,JY-G2
Baidu,LNV-Lenovo A600e
Baidu,LT26i
Baidu,Lenovo A630t
Baidu,Lenovo A798t
Baidu,Lenovo A800
Baidu,Lenovo P700i
Baidu,Nexus S
Baidu,ZTE N880E
Baidu,ZTE V970
Baidu,i9250-GN
Baidu,lenovo A710E
BaiduCloud,100A
BBK,BBK S6T
BBK,vivo E1
BBK,vivo E1t
BBK,vivo E5
BBK,vivo S1
BBK,vivo S11t
BBK,vivo S12
BBK,vivo S3
BBK,vivo S3+
BBK,vivo S6
BBK,vivo S6T
BBK,vivo S7
BBK,vivo S7i(t)
BBK,vivo S7t
BBK,vivo S7w
BBK,vivo S9
BBK,vivo V1
BBK,vivo V2
BBK,vivo X1
BBK,vivo X1S
BBK,vivo X1St
BBK,vivo X3t
BBK,vivo X510t
BBK,vivo Xplay
BBK,vivo Y1
BBK,vivo Y11
BBK,vivo Y11t
BBK,vivo Y19t
BBK,vivo Y3t
BD,V13
BenWee,BenWee 5100
BESTSONNY,BestsonnyT962
BESTSONNY,BestsonnyT965
BESTSONNY,T868
Bird,AUX 910+
Bird,Android
Bird,Bird W188
Bird,Doeasy E910
Bird,E909B+
Bird,I800B+
Bird,M500
Bird,T9105
Bird,T9508
BIRD,T9600
BIRD,W800
BIRDA,malataeduz500
BIRDA_MANUFACTURER,DOEASY-i5
BIRDA_MANUFACTURER,HOOW A7
BIRDA_MANUFACTURER,simdo-D90
BJH,VIKO V666
BLEPHONE,C01
BLEPHONE,TD8208
BM90,BM90
BN LLC,BNTV400
BN LLC,BNTV600
BOHP-P5D,BOHP-P5D
BOKAIEN,neken N5
BORQS,MT620t
Borqs,MT620t_ICS
BOVO,S-F16
BOWAY,BOWAY I7
BOWAY,BOWAY U1
BOWAY,i6
BRCM,GP353
brcm,TCL A996
brcm,TCL-A996
brighter,HW-T18
brighter,HW-T18D
Brighter,VS8000
Broncho,TRULY N5+W
BROR,BROR S3
BROR,BROR S9
BROR,BROR W58
BROR,BROR W69
BROR,BROR W70
BSX,WX6
BungBungame,MiSS
BYD,Camden
BYD,K-Touch_E7
BYD,U9 S800
CASIO,CA-201L
CASIO,IS11CA
Casper,CASPER VIA A3316
CCI,msm8660_surf
Cellon,HW-W820
CF109,CF109
cfzz,Lenovo A798t
Changhong,Changhong H5018
Changhong,ChanghongC100
Changhong,ChanghongW6
ChaoXing,P2w
CJCP,Charmpin-G7
CMDC,M601
COKI,AK3Z
COLMEI E5,COLMEI E5
colorfly,CT704 Book
Colorfly,CT801 Eyas
Colorfly,CT801 Q.Ait
colorfly,CT801
Colorfly,CT972 Q.Vanilla 2
Commtiva,XT502
Commtiva,Z71
CONOR,A9
CONOR,CONOR TG99
CONOR,CONOR WG100
CONOR,CONOR WG200
Conor,KR-CONOR E188
Coocaa X200,X200
Coolpad,CoolPad8012
Coolpad,CoolPad8020+
Coolpad,CoolPad8070
Coolpad,Coolpad 5213
Coolpad,Coolpad 5216D
Coolpad,Coolpad 5820
Coolpad,Coolpad 7011
Coolpad,Coolpad 7020
Coolpad,Coolpad 7235
Coolpad,Coolpad 7290
Coolpad,Coolpad 7295+
Coolpad,Coolpad 7295A
Coolpad,Coolpad 7296
CoolPad,Coolpad 8056
CoolPad,Coolpad 8076
Coolpad,Coolpad 9150W
Coolpad,Coolpad7295
Coolpad,Coolpad8070D
Coolpad,Coolpad8888
Coolpad,YL-Coolpad 5210S
coosee,T3668
coosee,T500
cross,A25
CSL,Mi450
Cube,U20GT_C4
cube,U39GT
CUBE,U55GT
Custom Version,Custom Version
CustomVersion,Custom Version
D.Venucia110,MD239CH
DAKELE,DAKELE MC001
Dakele,MC002
Dakele,MC002_H3
DATANG,DATANG S11
daxian,9300
DAXIAN,DK35A
DAXIAN_F758,DAXIAN_F758
DCT,DCT T5
DD,D555
DE,DE-G01
DE,DE-G01X
DE,I9100
DEK,TD6666
Dell,Dell Streak Pro
dell,Dell Streak
Dell,Dell V04B
Dell,GS01
dell,Streak 10 Pro
Dell Inc.,Dell M01M
Dell Inc.,Dell Streak 10 Pro
Dell Inc.,Dell Streak 7
Dell Inc.,Dell Streak
Dell Inc.,Dell Venue
Delta,Zphone100
Dewav,Infinix X501
Dewav,OPSSON IVO6600
Digittalk,DE8101
DLT,E¡¤XUN-D99
docomo,F-12C
DOEASY,DOEASY E930
Doeasy,E800
domod_G50,domod_G50
DOOV,DOOV D360
DOOV,DOOV D500
DOOV,DOOV S1
DOOV,DOOV_D10
DOOV,DOOV_D10S
DOOV,DOOV_D2
DOOV,DOOV_D200T
DOOV,DOOV_D210T
DOOV,DOOV_D3
DOOV,DOOV_D300
DOOV,DOOV_D50
Doov,DOOV_D900
DOOV,DOOV_D910T
DOOV,DOOV_D920
DOOV_D7,DOOV_D7
dopod,dopod A3288
DuoKan,MiBOX
DuoKan,MiBOX_iCNTV
DXWC,ET T45
DXWC,ISA-JADE
E689,E689
EASTCOM,W1
Eavoo,PULID F5
Ebera,Ebera v88
EBEST,EBEST F6
EBEST,EBEST N4
EBEST,EBEST S5
EBEST,EBEST S6
EBEST,EBEST S8
EBEST,EBEST S9
EBEST,EBEST T5
EBEST,EBEST V5
EBEST,EBEST W16A
EBEST,EBEST W50L
EBEST,EBEST W66A
EBEST,EBEST W70
EBEST,I5A
epade,epade C200
epade,epade S300
EPADE,epade_S90
epade,epade_i5
EPHONE,EPHONE A10
EPHONE,EPHONE A18
EPHONE,EPHONE A5
ERENEBEN,EBEN T6
ERENEBEN,EBEN T7
ERENEBEN,T5
ETON,D500
ETON,D510
ETON,ETON D520
ETON,ETON T850
ETON,T600
ETON,T710
ETON,T730
ETON,T820
ETON,T900
EX,EX_S4
Exynos 5410,Galaxy S5
Exynos 5410,M8-A
eZee,eZee'Tab785
Faea,F1
FIH,A5
FIH,ChangHong-Z-ME
FIH,FIH-FM6
FIH,IN610
FIH,Motorola-XT500
FIH,Motorola-XT502
FIH,SH530U
FIH,SH630E
FIH,SH631W
FIH,SH8118U
FIH,SH8188U
FIH,SH837W
FIH,SH930W
FIH,SHP-SH630E
FIH,VP700
FIH,VP800
FIH,ViewPad7
FIH,XT316
Fly,IQ450_Quattro
FOREVERDRAGON,FOREVERDRAGON Z901E
FOREVERDRAGON,U69
Foxconn,NEWTAB101-MX6DQ
Foxonn OEM,iPhone 4S
FUHU,NABI2-NV7A
FUJITSU,202F
FUJITSU,F-02E
FUJITSU,F-06E
FUJITSU,F-08D
FUJITSU,F-10D
FUJITSU,T-01D
FUJITSU MOBILE COMMUNICATIONS LIMITED,101F
FUJITSU MOBILE COMMUNICATIONS LIMITED,101F
FUJITSU MOBILE COMMUNICATIONS LIMITED,ISW13F
G1,G1
G33,LEISA_A98
G33,T61
G33,T8828
G33,T9910
G3A,RLT2222
G3E3,UOOGOU_X6
G3E3ATL,T003
G3E3BSX2,MX5
G3E3ZLC2,ZX938
G3E3ZLC4,ZX918
G3E3ZYDZ2,F35
G3E5HYKJ3,Newish_T300
G3E5MG,MEEG_101
G3E5TD6,TD668
G3E5ZLC2,ZX938
G3E5ZLC4,ZX918
G3EA3,MI_2
G3EA3,UOOGOU_X6
G3EA3,X6+
G3EA3XD,HP688A
G3EA5HLI3,G_3EA_5
G3EA5SBY,T5585
G5_JLZY2,C6
G5_KODASL,KODASL_D1_5
G5_ZKN,KN_K9_G
G5C_AZ,OZZO_158S
G5C_AZ2,OZZO_128S
G5C_ZKN,KN_K9_G
G6 Çà´º°æ,G6 Çà´º°æ
G7A_LD,ET_A9
G7C_CYW,Glassic_H9
G7C_DM3,I9300
G7C_RT2_Y6M9A7,G_7C
GALAXY,G1
Gaoxinqi,GXQ-G13
GC,S029
GC2,V02
GETEK-X2,GETEK-X2
GFIVE,G9
GFIVE,GFIVE G9
GIGABYTE,G.fone G1345
GIGABYTE,GSmart G1355
GIGABYTE,GSmart G1362
GIGABYTE,GSmart Rio R1
GIGABYTE,MSM7225
ginwave,Gnote
GiONEE,C600
GiONEE,E3
GiONEE,E3T
GiONEE,E5
GiONEE,E6
GIONEE,GIONEE GN320
GIONEE,GN100
GIONEE,GN105
GIONEE,GN106
GiONEE,GN107
GIONEE,GN109
GiONEE,GN135
GiONEE,GN136T
GiONEE,GN137
GiONEE,GN160
GiONEE,GN160T
GiONEE,GN168T
GiONEE,GN180
GIONEE,GN205
GIONEE,GN210
GiONEE,GN305
GiONEE,GN360
GIONEE,GN380
GiONEE,GN700T
GiONEE,GN700W
GiONEE,GN705T
GiONEE,GN705W
GiONEE,GN708T
GiONEE,GN708W
GiONEE,GN709W
GIONEE,GN777
GiONEE,GN787
gionee,GN800
GiONEE,GN810
GiONEE,GN818T
GIONEE,GN868
GiONEE,GN868H
GiONEE,GN878
GiONEE,GiONEE GN600
GiONEE,GiONEE GN700W
GiONEE,TD500
GiONEE,V182
GiONEE,X805
GiONEE,X817
Gphone,Gphone n7300
GPLUS,GN708W
GPLUS,GPLUS N939
GPLUS,GPLUS-P7002
GREAT,958
GREATWALL,Digital2 Platinum
GreenOrange,GO M2S
GreenOrange,GO S2
GSUN,G501
GT-I9190,GT-I9190
GT-I9300,GT-I9300
GT-I9500,GT-I9500
GT-N7100,GT-N7100
GT-N7100,GT_N7100
GTT,TELSDA T5880
GW-G503.B01-S01,Ginwave G503
GW-Gnote2.B01-S01,Ginwave Gnote2
GW-Gnote2.B02-S01,Ginwave Gnote2
GYT,Newish_G929
GZH,GX901A
Haier,HE-E700
Haier,HE-E80
Haier,HT-I617
Haier,HT-I619
Haier,HT-I860
Haier,HT-N87T
Haier,HW-N80W
Haier,HW-W617
Haier,Haier HW-N86W
Haier,Haier HW-W910
haier,Haier W718
HAIER,PAD511
HEG-N700,HEG-N700
HESENS,HE N200
HESENS,HE-N800
HESENS,N200
Hisense,EG950
HISENSE,HS-E820
HISENSE,HS-E830
Hisense,HS-E860
Hisense,HS-E910
HISENSE,HS-E912
Hisense,HS-E912S
Hisense,HS-E920
Hisense,HS-E926
HISENSE,HS-E930
Hisense,HS-E956
Hisense,HS-E956Q
Hisense,HS-E968
Hisense,HS-EG870
HISENSE,HS-EG876
HISENSE,HS-EG901
Hisense,HS-EG906
Hisense,HS-EG909
Hisense,HS-EG929
Hisense,HS-EG939
Hisense,HS-EG950
Hisense,HS-EG958
Hisense,HS-EG960
Hisense,HS-EG970
Hisense,HS-T818
Hisense,HS-T830
Hisense,HS-T9
Hisense,HS-T909
Hisense,HS-T912
Hisense,HS-T929
Hisense,HS-T930
Hisense,HS-T950
Hisense,HS-T958
HISENSE,HS-T96
Hisense,HS-T960
Hisense,HS-T970
Hisense,HS-U8
Hisense,HS-U820
Hisense,HS-U850
Hisense,HS-U860
Hisense,HS-U909
Hisense,HS-U912
Hisense,HS-U930
Hisense,HS-U950
Hisense,HS-U958
Hisense,HS-U960Q
Hisense,M1101
Hisense,M170
Hisense,M3101BW
HISENSE,T860
HISENSE,T89
HISENSE,T92
Hisense,W270BD
HL,100
HLI,HK_188_A
HMCT,BROR W68
HOOW,HOOW G5
HOOW,HOOW-A7
HOSIN,HOSIN U8
HOSIN,HOSIN V70
HOSIN,HOSIN_U2M
Hosin,Hosin_U7
HP,HP Slate 7
HQKJ,Haiwei
hTC,A3360
hTC,A3380
HTC,ADR6300
HTC,ADR6330VW
HTC,ADR6350
HTC,ADR6400L
HTC,ADR6410LVW
HTC,ADR6425LVW
HTC,Amaze 4G
HTC,C525c
HTC,C8812
HTC,DL DesireZ v3.5 final
HTC,Desire HD
htc,Desire L by HTC
HTC,Desire S
HTC,Desire Z
HTC,Desire
HTC,Dream/Sapphire
HTC,Droid Incredible
HTC,EVO 4G
HTC,EVO
HTC,EndeavorU(HTC ONE S)
HTC,Eris
HTC,Evo 3D GSM
HTC,Froyo on Dream/Sapphire
HTC,Google Ion
HTC,HERO200
htc,HTC 603e
HTC,HTC 606w
HTC,HTC 608t
HTC,HTC 609d
HTC,HTC 801e
HTC,HTC 802d
HTC,HTC 802t
HTC,HTC 802w
HTC,HTC A310e
HTC,HTC A320e
HTC,HTC A510c
HTC,HTC A510e
HTC,HTC A810e
HTC,HTC A9188
HTC,HTC Amaze 4G
HTC,HTC Aria A6380
HTC,HTC Bee
HTC,HTC Butterfly s
HTC,HTC Butterfly
HTC,HTC C510e
HTC,HTC ChaCha A810e
HTC,HTC Chacha A810
HTC,HTC Desire 600 dual sim
HTC,HTC Desire 600
HTC,HTC Desire C
HTC,HTC Desire CDMA
HTC,HTC Desire HD A9191
HTC,HTC Desire HD with Beats Audio
HTC,HTC Desire HD
HTC,HTC Desire Q
HTC,HTC Desire S
HTC,HTC Desire SV
HTC,HTC Desire V
HTC,HTC Desire VC T328d
HTC,HTC Desire X
HTC,HTC Desire Z
HTC,HTC Desire
HTC,HTC Dream
HTC,HTC Droid Incredible 2
HTC,HTC EVO 3D GSM
HTC,HTC EVO 3D X515a
HTC,HTC EVO 3D X515m
HTC,HTC EVO 4G
HTC,HTC EVO4G
HTC,HTC Evo Shift
HTC,HTC Explorer A310e
HTC,HTC Flyer P510e
HTC,HTC Flyer
HTC,HTC Glacier
HTC,HTC Gratia A6380
HTC,HTC HD Mini
HTC,HTC HD2 T8585
HTC,HTC HD2
HTC,HTC Hero S
HTC,HTC Hero
HTC,HTC Holiday
HTC,HTC Incredible S with Beats Audio S710e
HTC,HTC Incredible S
HTC,HTC Incredible
HTC,HTC IncredibleS S710d
HTC,HTC Inspire 4G
HTC,HTC J Z321e
HTC,HTC Legend
HTC,HTC Magic
HTC,HTC My Touch 4G
HTC,HTC Mytouch 4G
HTC,HTC One 801e
HTC,HTC One S
htc,HTC One SC T528d
HTC,HTC One SV
HTC,HTC One V
HTC,HTC One X
HTC,HTC One X+
HTC,HTC One XL
HTC,HTC One dual 802d
HTC,HTC One mini
HTC,HTC One
HTC,HTC P510e
HTC,HTC PG09410
HTC,HTC PH39100
HTC,HTC PROMIN_U
HTC,HTC Panache
HTC,HTC Pyramid
HTC,HTC Raider 4G
HTC,HTC Raider X710e
HTC,HTC Raider
HTC,HTC Rezound
HTC,HTC Rhyme S510b
HTC,HTC Ruby
HTC,HTC S510b by xda_xiaoleizi
HTC,HTC S510b
HTC,HTC S610d
HTC,HTC S710d
HTC,HTC S715e
HTC,HTC S720e
HTC,HTC S720t 16GB
HTC,HTC S720t
HTC,HTC Salsa C510b
HTC,HTC Salsa C510e
HTC,HTC Sensation (XE)
HTC,HTC Sensation 4G
HTC,HTC Sensation Beats Z710e
HTC,HTC Sensation XE Z715e
HTC,HTC Sensation XE with Beats Audio Z715e
HTC,HTC Sensation XE with Beats Audio
HTC,HTC Sensation XE
HTC,HTC Sensation XL with Beats Audio X315b
HTC,HTC Sensation XL with Beats Audio X315e
HTC,HTC Sensation Z710E
HTC,HTC Sensation Z710a
HTC,HTC Sensation Z710e with Beats Audio
HTC,HTC Sensation Z715e
HTC,HTC Sensation with Beats Audio Z715e
HTC,HTC Sensation with Beats Audio
HTC,HTC Sensation
HTC,HTC Sensation(XE)
HTC,HTC Status
HTC,HTC T320e
HTC,HTC T327d
HTC,HTC T327t
HTC,HTC T327w
HTC,HTC T328d
HTC,HTC T328t
HTC,HTC T328w
HTC,HTC T329d
htc,HTC T329t
HTC,HTC T329w
htc,HTC T528d
htc,HTC T528t
htc,HTC T528w
HTC,HTC Tattoo
HTC,HTC ThunderBolt
HTC,HTC VLE_U
HTC,HTC Velocity 4G X710s
HTC,HTC Velocity 4G
HTC,HTC Vision
HTC,HTC Wildfire S A510b
HTC,HTC Wildfire S A510e
HTC,HTC Wildfire S A515c
HTC,HTC Wildfire S
HTC,HTC Wildfire
HTC,HTC X315e
HTC,HTC X515d
HTC,HTC X515m
HTC,HTC X710S
HTC,HTC X720d
HTC,HTC X920d
HTC,HTC X920e
HTC,HTC Z510d
HTC,HTC Z520e
HTC,HTC Z560e
HTC,HTC Z710e
htc,HTC Z710t
HTC,HTC Z715e
HTC,HTC click
HTC,HTC first
HTC,HTC-China
HTC,HTC-P715a
HTC,HTC-X315E
HTC,HTC-X710e
HTC,HTC6435LVW
HTC,HTC6500LVW
HTC,HTCEVODesign4G
HTC,HTCEVOV4G
HTC,HTCONE
HTC,HTC_Amaze_4G
HTC,HTC_Desire_200
HTC,HTC_Desire_500
HTC,HTC_One_mini_601e
HTC,HTC_P515E
HTC,HTC_PN071
HTC,HTC_X515E
HTC,HTL21
HTC,HTL21_htcsoku
HTC,HTL22
HTC,HUAWEI U8818
HTC,Hero
HTC,HeroC
HTC,Incredible 2
HTC,Incredible S S710e
HTC,Incredible S
HTC,Inspire 4G
HTC,Legend
HTC,Liberty
HTC,Magic
HTC,Marvel
HTC,My Touch 4G
HTC,Nexus One
HTC,PB99400
HTC,PC36100
HTC,PG06100
HTC,PG41200
HTC,PG86100
HTC,PG8610000
HTC,PH44100
HTC,S710D
HTC,Sensation XE with Beats Audio Z715e
HTC,Sensation XL with Beats Audio
HTC,Sensation XL
HTC,Sensation Z710e
HTC,Sensation
HTC,T-Mobile G1
HTC,T-Mobile G2
HTC,T-Mobile myTouch 3G Slide
HTC,T90
HTC,U8800Pro
HTC,Vivid 4G
HTC,Wildfire S A510e
HTC,Wildfire S
HTC,X515e
HTC,XiaoFunfei
HTC,ZTE V889D
HTC,[Liuli-ROM]HTC Desire HD
HTC,dopod A6288
HTC,espresso
HTC,htc_MyTouch 4G
HTC,iPhone 8
HTC,myEVO 3D
HTC,myTouch_4G_Slide
HTC,passion
htc,u8800
HTC HTC,Click
HTCro.product.locale.language=zhro.product.locale.region=CNro.wifi.channels=,HTC Wildfire S A510e
HUAQIN,MORAL_N01
HUAQIN,NEO_N01
HUAQIN,OUKI_A16
HUAQIN,RSD-L301
HUAQIN,VCALL_I618
Huawei,A01HW
HUAWEI,Ascend D1 Quad Xl
HUAWEI,Ascend G300
HUAWEI,Ascend P1
HUAWEI,Bs 401
HUAWEI,C8500
HUAWEI,C8500S
HUAWEI,C8600
HUAWEI,C8650
Huawei,C8650/C8650+
HUAWEI,C8800
HUAWEI,C8812
HUAWEI,GL07S
HUAWEI,HUAWEI A199
HUAWEI,HUAWEI Ascend G 300
HUAWEI,HUAWEI Ascend G 330
HUAWEI,HUAWEI C8550
HUAWEI,HUAWEI C8650+
HUAWEI,HUAWEI C8810
HUAWEI,HUAWEI C8812
HUAWEI,HUAWEI C8812E
HUAWEI,HUAWEI C8813
HUAWEI,HUAWEI C8813D
HUAWEI,HUAWEI C8813Q
HUAWEI,HUAWEI C8815
HUAWEI,HUAWEI C8825D
HUAWEI,HUAWEI C8826D
HUAWEI,HUAWEI C8860E
HUAWEI,HUAWEI C8950D
HUAWEI,HUAWEI D2-0082
HUAWEI,HUAWEI D2-2010
HUAWEI,HUAWEI D2-5000
HUAWEI,HUAWEI G350-U00
HUAWEI,HUAWEI G510-0010
HUAWEI,HUAWEI G510-0100
HUAWEI,HUAWEI G510-0200
HUAWEI,HUAWEI G510-0251
HUAWEI,HUAWEI G520-0000
HUAWEI,HUAWEI G520-5000
HUAWEI,HUAWEI G520-T10
HUAWEI,HUAWEI G525-U00
HUAWEI,HUAWEI G606-T00
HUAWEI,HUAWEI G610-C00
HUAWEI,HUAWEI G610-T00
HUAWEI,HUAWEI G610-U00
HUAWEI,HUAWEI G700-T00
HUAWEI,HUAWEI G700-U00
HUAWEI,HUAWEI G700T
HUAWEI,HUAWEI HN3-U01
HUAWEI,HUAWEI M10
HUAWEI,HUAWEI MT1-T00
HUAWEI,HUAWEI MT1-U06
HUAWEI,HUAWEI MediaPad
HUAWEI,HUAWEI P6-C00
HUAWEI,HUAWEI P6-T00
HUAWEI,HUAWEI P6-T00V
HUAWEI,HUAWEI P6-U06
HUAWEI,HUAWEI S8520
HUAWEI,HUAWEI T8100
HUAWEI,HUAWEI T8300
HUAWEI,HUAWEI T8600
HUAWEI,HUAWEI T8808D
HUAWEI,HUAWEI T8828
HUAWEI,HUAWEI T8833
HUAWEI,HUAWEI T8950
HUAWEI,HUAWEI T8951
HUAWEI,HUAWEI U8661
HUAWEI,HUAWEI U8681
Huawei,HUAWEI U8800
HUAWEI,HUAWEI U8818
HUAWEI,HUAWEI U8825D
HUAWEI,HUAWEI U8833
HUAWEI,HUAWEI U8950-1
HUAWEI,HUAWEI U8950D
HUAWEI,HUAWEI U9508
HUAWEI,HUAWEI U9510
HUAWEI,HUAWEI U9510E
HUAWEI,HUAWEI Y 220T
HUAWEI,HUAWEI Y220-T10
HUAWEI,HUAWEI Y300-0000
HUAWEI,HUAWEI Y300-0100
HUAWEI,HUAWEI Y300-0151
HUAWEI,HUAWEI Y300C
HUAWEI,HUAWEI Y310-5000
HUAWEI,HUAWEI Y310-T10
HUAWEI,HUAWEI Y320-C00
HUAWEI,HUAWEI Y320-T00
HUAWEI,HUAWEI Y320-U01
HUAWEI,HUAWEI Y500-T00
HUAWEI,HUAWEI-C8850
HUAWEI,HUAWEI-U8850
HUAWEI,HW-01E
HuaWei,HuaWei
Huawei,Huawei Ascend G300(c8812)
Huawei,Huawei C8500S
HUAWEI,Huawei-U8665
HUAWEI,IDEOS S7 Slim
HUAWEI,IDEOS S7
HUAWEI,M310
HUAWEI,MT1-U06
HUAWEI,MediaPad 10 FHD
HUAWEI,MediaPad 10 LINK
HUAWEI,MediaPad 7 Lite
HUAWEI,MediaPad 7 Vogue
HUAWEI,MediaPad 7 Youth
HUAWEI,My WeiXin Is 229522449
HUAWEI,P6-U06
HUAWEI,S7
HUAWEI,SONIC
HUAWEI,T8620
HUAWEI,T8830
HUAWEI,T8830Pro
HUAWEI,T9200
HUAWEI,T9510E
HUAWEI,U8100
Huawei,U8120
HUAWEI,U8500 HiQQ
HUAWEI,U8500
HUAWEI,U8800
huawei,U8800+
HUAWEI,U8800Pro
HUAWEI,U8815
HUAWEI,U8818
HUAWEI,U8825-1
HUAWEI,U8836D
HUAWEI,U8860
HUAWEI,U9200
HUAWEI,U9200E
HUAWEI,U9500
HUAWEI,U9500E
HUAWEI,U9510
HWA660,HWA660
HX,A15
HX,E86
HX,HE-N819
HX_GT1005,HX_GT1005
HXXD,U7M
HXXD,ZL108
HYF,HYF938B
I5,I5
IFive,MINI3
IFive,ifive 2
IFive,ifive 2S
IFive,ifive MINI 2
ifive,ifive MX
IFive,ifive X
IFive,ifive X2
ifive,ifive mini
IFive,ifive2S
IFive,ifiveX2
ifive,rk30sdk
ifive MX,ifive MX
IGUO,i888
IHD958,IHD958
IMG_M500C,IMG M500D
Infotmic,MZ82-Ë«ºË
Infotmic,a5mid
Infotmic,wwe10
inno,inno N1
innos_smartphone,D10C
innos_smartphone,innos D9
innos_smartphone,innos D9C
innos_smartphone,innos i6
innos_smartphone,innos i6C
Intech,MH1000 (Wi-Fi + 3G)
intel,AZ210A
intel,XOLO X700
intel,Xolo_X900
Intki,Intki E96Ê±ÉÐ
intson,MT8801
IPHONE,IPHONE 5
Iphone4S,phone
IRIVER,ITQ701
IUSAI,IUSAI US6
JEEPONT,ES10
JIAYU,G2S
JIAYU,JY-G2
JIAYU,JY-G3
JIAYU,JY-G4
Jiayu,Jiayu G2
Jiayu,Jiayu G2H
Jiayu,Jiayu G2L
Jiayu,Jiayu G3
JINST,L9
JKL,D3000
jsr,innos D9
jsr,innos i5
jsr,innos i6
JT,JT1241
JUSTER,J699
JYT,G3
JYT,GIONEE GN700W
JYT,JY-G2
JYT,JY-G3
K01,K01
KAILT,LTSF T6500FX
KAIY,iPhone
k-free,k-free F8
KliTON,KliTON F168ST
KN_K10,KN K10
KONKA,KONKA V913
KONKA,KONKA V927
KONKA,KONKA_V6830
KONKA,V917
KONKA,V926
KONKA,V966
koobee,A109
koobee,A660
koobee,E6_HNM
koobee,KS306
koobee,N60
koobee,N62
koobee,N91
koobee,T550
koobee,i50
koobee,i55
koobee,i90
koobee,i93
KPT,KPT A11PLUS
KPT,KPT A6
Ktouch,whistler
K-Touch,E6
K-Touch,K-Touch C666t
K-Touch,K-Touch C960t
K-Touch,K-Touch C966e
K-Touch,K-Touch C986t
K-Touch,K-Touch C988t
K-Touch,K-Touch E619
K-Touch,K-Touch E621
K-Touch,K-Touch E688
K-Touch,K-Touch E780
K-Touch,K-Touch E806
K-Touch,K-Touch S2
K-Touch,K-Touch S5
K-Touch,K-Touch S787
K-Touch,K-Touch T6
K-Touch,K-Touch T619+
K-Touch,K-Touch T621
K-Touch,K-Touch T780
K-Touch,K-Touch T780+
K-Touch,K-Touch T789
K-Touch,K-Touch T800
K-Touch,K-Touch Tou ch 1
K-Touch,K-Touch U86
K-Touch,K-Touch U9
K-Touch,K-Touch U90
K-TOUCH,K-Touch V8
K-TOUCH,K-Touch V9
K-Touch,K-Touch W619
K-Touch,K-Touch W656
K-Touch,K-Touch W658
K-Touch,K-Touch W68
K-Touch,K-Touch W700+
K-Touch,K-Touch W95
K-Touch,T580
K-Touch,T586
K-Touch,TY-K Touch E616
K-Touch,TY-K Touch E80
K-Touch,TY-K Touch E88
K-TOUCH,V8
K-TOUCH,V9
KTTech,KM-E100
KTTech,KM-S200
KTTech,KM-S220
KTTech,KM-S300
L100,L100
L107,L107
L7E3,F12
L7E3,L7E3
L7E3AXD,A929
L7E3BXCM5,Android
L7E3BXCM5,LEISA_A6QCH
L7E5SSA,X6 VIVC
LA,LA-M1
LA,LA-M2
LAMTAM,LT S939D
LBX,L8201
Leadsky,A18_M
lenovo,3GC101
Lenovo,3GW100
LENOVO,A1_07
LENOVO,A798T
LENOVO,A820t
LENOVO,Axy aL
LENOVO,IdeaTab A2107A-H
LENOVO,IdeaTab A3000-H
Lenovo,IdeaTab S2007A-D
Lenovo,IdeaTab S2010A-H
LENOVO,IdeaTab S6000-F
LENOVO,IdeaTab S6000-H
LENOVO,IdeaTabA1000-F
LENOVO,IdeaTabA1000-G
LENOVO,IdeaTabA1000-T
LENOVO,IdeaTabA1010-T
LENOVO,IdeaTabA1020-T
LENOVO,IdeaTabA2109A
LENOVO,IdeaTabA2207A-H
LENOVO,IdeaTabA5000-E
LENOVO,IdeaTabS2109A-F
Lenovo,IdeaTabV2007A
Lenovo,IdeaTabV2010A
LENOVO,IdeaTab_A1107
LENOVO,K860
LENOVO,K860i
LENOVO,LNV-Lenovo A365e
LENOVO,LNV-Lenovo A600e
LENOVO,LNV-Lenovo A630e
Lenovo,LNV-Lenovo A790e
LENOVO,LNV-Lenovo S870e
LENOVO,LNV-Lenovo_A560e
Lenovo,Lenovo A1-32AB0
LENOVO,Lenovo A269
LENOVO,Lenovo A278t
LENOVO,Lenovo A288t
LENOVO,Lenovo A298t
Lenovo,Lenovo A300
LENOVO,Lenovo A3000-H
LENOVO,Lenovo A308t
LENOVO,Lenovo A326
LENOVO,Lenovo A356
LENOVO,Lenovo A360
LENOVO,Lenovo A366t
LENOVO,Lenovo A370
LENOVO,Lenovo A376
LENOVO,Lenovo A390
LENOVO,Lenovo A390t
LENOVO,Lenovo A500
LENOVO,Lenovo A516
LENOVO,Lenovo A520
Lenovo,Lenovo A520GRAY
LENOVO,Lenovo A530
LENOVO,Lenovo A580
LENOVO,Lenovo A586
LENOVO,Lenovo A590
Lenovo,Lenovo A60
LENOVO,Lenovo A60+
LENOVO,Lenovo A630
lenovo,Lenovo A630T
Lenovo,Lenovo A65
LENOVO,Lenovo A656
LENOVO,Lenovo A658t
LENOVO,Lenovo A66
LENOVO,Lenovo A660
lenovo,Lenovo A668t
lenovo,Lenovo A66t
Lenovo,Lenovo A670t
Lenovo,Lenovo A690
LENOVO,Lenovo A698t
LENOVO,Lenovo A706
LENOVO,Lenovo A710e
LENOVO,Lenovo A750
LENOVO,Lenovo A750e
LENOVO,Lenovo A760
LENOVO,Lenovo A765e
LENOVO,Lenovo A766
LENOVO,Lenovo A780
LENOVO,Lenovo A789
lenovo,Lenovo A798T
LENOVO,Lenovo A800
LENOVO,Lenovo A820
LENOVO,Lenovo A820e
LENOVO,Lenovo A820t
LENOVO,Lenovo A830
LENOVO,Lenovo A850
Lenovo,Lenovo K2
LENOVO,Lenovo K860
LENOVO,Lenovo K860i
LENOVO,Lenovo K900
LENOVO,Lenovo K900_ROW
Lenovo,Lenovo P70
LENOVO,Lenovo P700
LENOVO,Lenovo P700i
LENOVO,Lenovo P770
LENOVO,Lenovo P780
lenovo,Lenovo S1-37AH0
LENOVO,Lenovo S2-38AH0
lenovo,Lenovo S2-38AT0
LENOVO,Lenovo S560
LENOVO,Lenovo S680
LENOVO,Lenovo S686
LENOVO,Lenovo S696
LENOVO,Lenovo S720
LENOVO,Lenovo S720i
LENOVO,Lenovo S750
Lenovo,Lenovo S760
LENOVO,Lenovo S820
LENOVO,Lenovo S850e
LENOVO,Lenovo S868t
LENOVO,Lenovo S880
LENOVO,Lenovo S880i
LENOVO,Lenovo S890
LENOVO,Lenovo S899t
LENOVO,Lenovo S920
LENOVO,Lenovo
LENOVO,Lenovo_A2105
LENOVO,S2005A-H
LENOVO,S850e
Lenovo,SO-04D
LENOVO,ThinkPad Tablet
lenovo,lepad_001b
lenovo,lepad_001n
lenovo,s899t
lephone,A88
Lephone,Lephone_TD9268
LEPHONE,TD9229
LGE,IM-A820L
LGE,L-01E
LGE,L-06C
lge,LG 0ptimus LTE2
LGE,LG Optimus G
lge,LG Optimus LTE2
lge,LG-0ptimusLTE2
LGE,LG-C550
LGE,LG-C660
LGE,LG-D505
LGE,LG-E400
LGE,LG-E400R
LGE,LG-E405f
LGE,LG-E435
LGE,LG-E450
LGE,LG-E455
LGE,LG-E510
LGE,LG-E610
LGE,LG-E612
LGE,LG-E615
LGE,LG-E615f
LGE,LG-E720
LGE,LG-E730
LGE,LG-E739
LGE,LG-E970
LGE,LG-E975
LGE,LG-E975K
LGE,LG-E980
LGE,LG-E988
LGE,LG-F100L
LGE,LG-F100S
LGE,LG-F120K
LGE,LG-F120L
LGE,LG-F120S
lge,LG-F160
LGE,LG-F160K
lge,LG-F160L
lge,LG-F160LV
lge,LG-F160S
LGE,LG-F180
LGE,LG-F180K
LGE,LG-F180L
LGE,LG-F180S
LGE,LG-F200K
LGE,LG-F200L
LGE,LG-F200S
LGE,LG-F220K
LGE,LG-F240
LGE,LG-F240K
LGE,LG-F240L
LGE,LG-F240S
LGE,LG-F260S
LGE,LG-F320K
LGE,LG-F320L
LGE,LG-F320S
LGE,LG-KU5400
LGE,LG-LS840
LGE,LG-LS970
LGE,LG-LU3000
LGE,LG-LU3100
LGE,LG-LU5400
LGE,LG-LU6200
LGE,LG-LU6800
LGE,LG-Optimus G Pro
LGE,LG-P350
LGE,LG-P355
LGE,LG-P500
LGE,LG-P503
LGE,LG-P506
LGE,LG-P690
LGE,LG-P700
LGE,LG-P705
LGE,LG-P713
LGE,LG-P715
LGE,LG-P725
LGE,LG-P760
LGE,LG-P765
LGE,LG-P768
LGE,LG-P769
LGE,LG-P880
LGE,LG-P895
LGE,LG-P920
LGE,LG-P925
LGE,LG-P925g
LGE,LG-P930
LGE,LG-P935
LGE,LG-P936
LGE,LG-P940
LGE,LG-P970
LGE,LG-P970g
LGE,LG-P990
lge,LG-P990hN
lge,LG-P993
LGE,LG-P999
LGE,LG-SU640
LGE,LG-SU660
LGE,LG-SU760
LGE,LG-SU870
LGE,LG-SU880
LGE,LG-V909
LGE,LG-optimusLTE
LGE,LGMS769
LGE,Nexus 4
LGE,Optimus 2X
LGE,VS840 4G
LGE,VS920 4G
LGE,VS930 4G
LGE,VS950 4G
lge,occam
LH805,LH805
LJIAN,L003
LJIAN,L007
LJIAN,ZA_H100
LongCheer,CHER A51
Longcheer,EBEST F5
Longcheer,HE-E617
Lonshine,TP703
Lovme,LM-X12
LOVME,X5
M002,M002
M701,M701
Mai Teng B,U-81-B
MALATA,MALATA I10
MALATA,MALATA I5
MALATA,MALATA I50
MALATA,MALATA TD80
Malata,MALATA Z8
malata,Z105
manufacturer,A10
Matsunichi,TC970 (Wi-Fi)
MEDION,MEDION X4701
Meitu,Meitu Kiss
Meizu,M030
Meizu,M031
Meizu,M032
Meizu,M040
Meizu,M045
Meizu,M9
Meizu,MEIZU MX
meizu,meizu_m9
MG,MEEG-M102
MI 2,MI 2
MICCO-M1,MICCO-M1
MID,MID
MID,iDxD10 3G
MID,lenovo S2005
MID,lenovo S6000
miki,EA6920
MIKI,M968
MIKI,MI800B
mini7,mini7
mktel,I9100S(MT6589/4ºË)
Mlais,MX58T Air
moii,moii E893
moii,moii E996
MOLOO_M5,MOLOO_M5
MOT,MT680
MOT,MT788
MOT,MT870
MOTO,MB526
MOTO,ME525+
motorola,201M
motorola,A953
motorola,Backflip ME600
Motorola,CLIQ XT
Motorola,DEXT
motorola,DROID BIONIC
motorola,DROID Pro
motorola,DROID RAZR HD
motorola,DROID RAZR
motorola,DROID X2
Motorola,DROID2 GLOBAL
motorola,DROID2
motorola,DROID4
Motorola,DROIDX
motorola,IS12M
motorola,ISW11M
Motorola,MB200
Motorola,MB300
Motorola,MB501
motorola,MB502
motorola,MB508
motorola,MB520
Motorola,MB525
motorola,MB525+
Motorola,MB526
Motorola,MB855
Motorola,MB860
motorola,MB861
Motorola,MB865
motorola,MB886
Motorola,ME501
motorola,ME511
Motorola,ME525
motorola,ME525+
Motorola,ME600
motorola,ME632
motorola,ME722
motorola,ME811
Motorola,ME860
motorola,ME863
motorola,ME865
Motorola,MOT-XT788
MOTOROLA,MT620
Motorola,MT810
Motorola,MT810lx
motorola,MT887
motorola,MT917
Motorola,MZ601
Motorola,MZ604
Motorola,MZ606
Motorola,MZ617
motorola,Milestone X
motorola,Milestone XT720
Motorola,Milestone
motorola,MotoA953
motorola,Motorola Electrify
motorola,Motorola MB855
Motorola,Motorola MOT-XT681
Motorola,Motorola-XT502
Motorola,XOOM 2
motorola,XT300
motorola,XT301
Motorola,XT316
Motorola,XT319
Motorola,XT389
Motorola,XT390
Motorola,XT502
Motorola,XT531
Motorola,XT535
Motorola,XT615
motorola,XT621
motorola,XT627
Motorola,XT685
motorola,XT701
motorola,XT702
motorola,XT720
Motorola,XT760
motorola,XT800
motorola,XT800+
motorola,XT806
motorola,XT882
motorola,XT883
motorola,XT885
motorola,XT889
Motorola,XT890
motorola,XT897
motorola,XT907
motorola,XT910
motorola,XT910K
motorola,XT925
motorola,XT928
Motorola,Xoom
motorola,ÇçÌì¡¢×¨ÓÃ¶¨ÖÆ»ú
MOVEGO,MP108
moztek,P7
MP,M5100
MRC,K-ONE
MSTD,MSTD_F5
MSTD,MSTD_F6
MT6515M,6515
MT6515M,A6J
MT6515M,ING300
MT6515M,SGIFE-N899-A
MT6515M,SPHS on Hsdroid
MT6515M,T232
MT6515M,T9688
MT6517,5858
MT6517,9989
MT6517,A3
MT6517,A5
MT6517,A520
MT6517,A9
MT6517,Android A108
MT6517,C117
MT6517,CK888
MT6517,CK888Q
MT6517,ET T35
MT6517,G158
MT6517,K9
MT6517,KS308
MT6517,L18
MT6517,M2
MT6517,M2S
MT6517,MOFUT F18TG
MT6517,NX999
MT6517,P66
MT6517,PZ326CM
MT6517,Q1
MT6517,RLT1111A
MT6517,RLT5555
MT6517,RSD-W102
MT6517,SA5830
MT6517,SPHS on Hsdroid
MT6517,T5516
MT6517,T6198
MT6517,TETC-G26
MT6517,X158-1
MT6517,YZ500
MT6517,jorsoo
MT6517 Ë«ºË,A58
MT6517 Ë«ºË,MT6517 Ë«ºË
MT6589,2828
MT6589,A2
MT6589,A58
MT6589,A7
MT6589,Android
MT6589,G117
MT6589,G207-C
MT6589,M2-A
MT6589,T9987
MT6589,W109
MT6589,X158-2
MT6589+,S4
MTK,GT_I9300
MTK,M2
MTK,SPHS on Hsdroid
MTK,Z10
MTK,sphs on android
MTK6515M,S900
MTK6517,818
MTK6517,J107
MTK6517,M3
MTK6517,T9988
MTK6517,X158
MTK6589,999
MTK6589,A5
MTK6589,A6500
MTK6589,Android
MTK6589,CT168
MTK6589,CU888
MTK6589,CU999
MTK6589,DXG111-5
MTK6589,G1188
MTK6589,G207
MTK6589,GX-L007
MTK6589,HL V01
MTK6589,I9109B
MTK6589,J107
MTK6589,M3
MTK6589,Mi-3
MTK6589,Q7
MTK6589,T232
MTK6589,T3696
MTK6589,T9588
MTK6589,T9688
MTK6589,T9988
MTK6589,T9998
MTK6589,V11
MTK6589,W1160
MUIU,MUIU 5
MUSN,D20
MX58,MX58 Air
MX58_Pro,MX58 Pro
MX58_Pro,Mlais MX58 Pro
MZ,GT-I8190
MZT,K05
N7100,N7100
N79,N79
N90 DUAL CORE FHD,N90 DUAL CORE FHD
narudo,X02
NavRoad,U35GT-S
NavRoad,U35GT2
NEC,D000-000018-001
NEC,D000-000018-004
NEC,N-02E
NEC,N-03E
NEC,N-07D
NEC,NEC-1012
NEC,NEC909e
NEWMAN,N1
Newman,Newman K1
Newman,Newman N2
Newsmy,MID
Newsmy,NewPad
NIAO,epade A3
NO1,S6
nokia,xiaomi M2
nubia,NX40X
nubia,NX501
NUU (H.K.) Ltd.,NU-1
nvidia,1039-PAD-P01
NVIDIA,M10+
NVIDIA,W700
NVIDIA,W806
NVIDIA,W808
NVIDIA,W880
NVIDIA,deovo V5
OBEE,K8009
OBEE,OBEE V8
odm,HTC G21
odm,W5500 E
OLD,F4
OLD,M11+
OLD,OLEDE-W1120
OLD,Q3368B
OLD,W1168
OLEDE,A368
OLEDE,I9109
OPPO,N1T
OPPO,R809T
OPPO,R813T
OPPO,R815
OPPO,R815T
OPPO,R815W
OPPO,R817T
OPPO,R819T
OPPO,R821T
OPPO,R823T
OPPO,U705T
OPPO,U705W
OPPO,U707
OPPO,U707T
OPPO,X905
OPPO,X907
OPPO,X907-BY NewPin
OPPO,X909
OPPO,X909T
OPSSON,OPSSON IVO6622
OPSSON,OPSSON IVO6655
OSGD,OP0118-12
OUBX,IUSAI i502
OUKI,OUKI
OUQI,OKU 1
OUQI,intki E9003
OUSHENG,Lenovo S920
OUSHENG,iOCEAN X7
OZZO-168A,OZZO-168A
P300,P300
PAID,A15
PAID,A8
PAID,A811
PAID,A9
PAID,E92T
PAID,GSUN 588
PANASONIC,P-02E
PANASONIC,P-07D
PANASONIC,Panasonic UN-MT300
PANTECH,IM-A760S
PANTECH,IM-A760S/A770K
PANTECH,IM-A770K
PANTECH,IM-A780L
PANTECH,IM-A810K
PANTECH,IM-A810S
PANTECH,IM-A820L
PANTECH,IM-A830K
PANTECH,IM-A830KE
PANTECH,IM-A830L
PANTECH,IM-A830S
PANTECH,IM-A840S
PANTECH,IM-A840SP
PANTECH,IM-A850
PANTECH,IM-A850K
PANTECH,IM-A850L
PANTECH,IM-A850S
PANTECH,IM-A860K
PANTECH,IM-A860L
PANTECH,IM-A860S
PANTECH,IM-A870K
PANTECH,IM-A870L
PANTECH,IM-A870S
PANTECH,IM-A880S
PANTECH,IM-T100K
PANTECH,PTL21
PANTECH,PantechP8010
Pegatron,chagall
PHICOMM,PHICOMM i360
PHICOMM,WA530
PHICOMM,i600w
PHICOMM,i800
PHICOMM,i803w
Philips,PI3100-93
Philips,PI3900-93
Philips,Philips W536
Philips,Philips W626
Philips,Philips W632
Philips,Philips W635
Philips,Philips W6350
Philips,Philips W737
Philips,Philips W832
Philips,Philips W8355
Philips,Philips W8510
Philips,Philips W930
Philips,SA3CNT
Philips,Tablet_7_HD_C
PHILIPS,Tablet_7_LC_C
Philips,W6500
PHILIPS,W820
Pioneer,Pioneer E70w
Pioneer,Pioneer E90w
Pioneer,Pioneer S90w
PIPO,M2
PIPO,S1
PIPO,U1
POSTCOM,N625
PULID,PULID F1
PULID,PULID F18
PULID,PULID T1
PwnerHarry,LA-I
pxa920,T35s
QDX,UOOGOU_Q7
QDX,UOOGOU_X6
QDX3,UOOGOU_Q1
QIXINGHE-S8,QIXINGHE-S8
Q-Smart,Q-Smart S21
QT-9300,QT-9300
Raymond,T1301
RF,L666
rk31sdk,lenovo S2005
rockchip,708A
rockchip,7ws
rockchip,A63+
rockchip,A73
rockchip,AOCOS PX103
rockchip,AW900
rockchip,CW-V88-QUAD
rockchip,CW-V88S-QUAD
rockchip,F7V3
rockchip,GT-N8000
rockchip,GT71
rockchip,ICOU Fatty2
rockchip,Incredible S
rockchip,Increduble S
rockchip,M17
rockchip,M2
rockchip,M6
rockchip,M7 pro
rockchip,M70
rockchip,M8 pro
rockchip,M8+
rockchip,M9 9
rockchip,M9 pro
rockchip,M9
rockchip,M9pro
rockchip,MFC157FR
rockchip,MID
rockchip,MID-706A
rockchip,MID-708A
rockchip,MID-708B
rockchip,MID-715B
rockchip,MID-903
rockchip,MID-V8
rockchip,MINI  ONE
rockchip,MINI ONE
rockchip,MINI S
rockchip,MoviMax P16
rockchip,N12GJ-QZ
rockchip,N80RK
rockchip,N90FHDRK
rockchip,NB-I9300
rockchip,NewPad
rockchip,ORDRO V8
rockchip,PAD-QUAD
rockchip,Q9
rockchip,RK3188
rockchip,SAMSUNG GT-N8000
rockchip,T79
rockchip,TSINTECH
rockchip,U23GTC4
rockchip,U23GTC4-W
rockchip,U25GT
rockchip,U25GT_PRO
rockchip,U26GT
rockchip,U30GT 2
rockchip,U30GT C4
rockchip,U30GTM2
rockchip,U35GT
rockchip,U35GT2
rockchip,U9GT V_Core 4
rockchip,V919
rockchip,W30HDPRO
rockchip,Z-2000
rockchip,Z510e
rockchip,Z710e
rockchip,ifive X2
rockchip,lenovo S2005
rockchip,lenovo S2005A
rockchip,linux017-desktop
rockchip,rk2928sdk
rockchip,rk30sdk
Royalstar-i9300,Royalstar-i9300
RSD_V5,RSD_V5
Runbo,RunboX5-W
"S.LSI Division, Samsung Electronics Co., Ltd.",HYUNDAI T10
S350B,S350
S8,S8
S9220,T2688
SAF,Philips D833
SAF,SAF-Philips D633
Saihon,Saihon I97
Saihon,Saihon I98
samsng,C28
samsng,GT-B9120
samsung,EK-GC100
samsung,EK-GC110
samsung,GT-B5330
samsung,GT-B9120
samsung,GT-B9388
Samsung,GT-I5508
Samsung,GT-I5510
Samsung,GT-I5700
samsung,GT-I5801
Samsung,GT-I6500U
Samsung,GT-I8150
samsung,GT-I8160
samsung,GT-I8190
samsung,GT-I8190L
samsung,GT-I8190N
samsung,GT-I8250
samsung,GT-I8258
samsung,GT-I8262
samsung,GT-I8262D
samsung,GT-I8268
samsung,GT-I8530
samsung,GT-I8552
samsung,GT-I8558
samsung,GT-I8730
samsung,GT-I8730T
Samsung,GT-I9000
Samsung,GT-I9001
samsung,GT-I9003
samsung,GT-I9008L
samsung,GT-I9018
samsung,GT-I9050
samsung,GT-I9070
samsung,GT-I9070P
samsung,GT-I9082
samsung,GT-I9082L
samsung,GT-I9082i
samsung,GT-I9088
samsung,GT-I9100
samsung,GT-I9100G
samsung,GT-I9100M
samsung,GT-I9100P
samsung,GT-I9100T
samsung,GT-I9103
samsung,GT-I9105
Samsung,GT-I9105P
samsung,GT-I9108
samsung,GT-I9128
samsung,GT-I9128I
samsung,GT-I9128V
samsung,GT-I9152
samsung,GT-I9158
samsung,GT-I9190
samsung,GT-I9192
samsung,GT-I9195
samsung,GT-I9200
samsung,GT-I9205
samsung,GT-I9208
samsung,GT-I9210
Samsung,GT-I9220
samsung,GT-I9228
samsung,GT-I9260
samsung,GT-I9268
samsung,GT-I9295
Samsung,GT-I9300
samsung,GT-I9300(001)
samsung,GT-I9300T
samsung,GT-I9305
samsung,GT-I9308
samsung,GT-I9308D
Samsung,GT-I9500
samsung,GT-I9502
samsung,GT-I9505
samsung,GT-I9505G
samsung,GT-I9508
samsung,GT-I9508C
samsung,GT-N5100
samsung,GT-N5110
samsung,GT-N5120
samsung,GT-N7000
samsung,GT-N7000B
samsung,GT-N7005
Samsung,GT-N7100
SAMSUNG,GT-N7102
samsung,GT-N7102i
samsung,GT-N7105
samsung,GT-N7105T
samsung,GT-N7108
samsung,GT-N7108D
samsung,GT-N7I02
samsung,GT-N8000
samsung,GT-N8010
samsung,GT-N8013
samsung,GT-N9300
samsung,GT-P1000
samsung,GT-P1010
samsung,GT-P3100
samsung,GT-P3108
samsung,GT-P3110
samsung,GT-P3113
samsung,GT-P5100
samsung,GT-P5110
samsung,GT-P5113
samsung,GT-P5200
samsung,GT-P5210
samsung,GT-P6200
samsung,GT-P6200L
samsung,GT-P6201
samsung,GT-P6210
Samsung,GT-P6800
samsung,GT-P6810
samsung,GT-P7100
samsung,GT-P7300
samsung,GT-P7310
samsung,GT-P7500
samsung,GT-P7510
samsung,GT-S5280
samsung,GT-S5300
samsung,GT-S5301
samsung,GT-S5360
samsung,GT-S5368
Samsung,GT-S5570
samsung,GT-S5570I
samsung,GT-S5578
Samsung,GT-S5660
samsung,GT-S5670
samsung,GT-S5690
samsung,GT-S5698
samsung,GT-S5820
Samsung,GT-S5830
Samsung,GT-S5830B
Samsung,GT-S5830i
samsung,GT-S5831i
samsung,GT-S5838
samsung,GT-S6010
samsung,GT-S6102
samsung,GT-S6102E
samsung,GT-S6108
samsung,GT-S6310N
samsung,GT-S6352
samsung,GT-S6358
samsung,GT-S6500
samsung,GT-S6500D
samsung,GT-S6500T
samsung,GT-S6802
samsung,GT-S6810P
samsung,GT-S6812C
samsung,GT-S6812i
samsung,GT-S6818
samsung,GT-S7270
samsung,GT-S7275R
samsung,GT-S7500
samsung,GT-S7500L
samsung,GT-S7508
samsung,GT-S7560
samsung,GT-S7560M
samsung,GT-S7562
samsung,GT-S7562L
samsung,GT-S7562i
samsung,GT-S7566
samsung,GT-S7568
samsung,GT-S7572
samsung,GT-S7710
samsung,GT-S7898
samsung,GT-SC03E
samsung,GT-SC04E
Samsung,Galaxy Nexus
samsung,Galaxy S III
samsung,Galaxy S3
samsung,Galaxy X
samsung,I727
samsung,I897
samsung,I9100
Samsung,I9128V
samsung,I9220
Samsung,I9300
samsung,ISW11SC
samsung,N5100
samsung,N7000
samsung,Nexus 10
samsung,Nexus S 4G
Samsung,Nexus S
samsung,SAMSUNG-GT-I9500
samsung,SAMSUNG-SGH-I317
samsung,SAMSUNG-SGH-I337
samsung,SAMSUNG-SGH-I437
samsung,SAMSUNG-SGH-I497
samsung,SAMSUNG-SGH-I527
samsung,SAMSUNG-SGH-I537
samsung,SAMSUNG-SGH-I577
samsung,SAMSUNG-SGH-I717
SAMSUNG,SAMSUNG-SGH-I727
samsung,SAMSUNG-SGH-I727R
samsung,SAMSUNG-SGH-I747
samsung,SAMSUNG-SGH-I777
samsung,SAMSUNG-SGH-I957
Samsung,SAMSUNG-SGH-I997
samsung,SAMSUNG-SGH-I997R
samsung,SC-01E
samsung,SC-02E
samsung,SC-03E
samsung,SC-04E
samsung,SC-05D
samsung,SC-06D
samsung,SC03E
samsung,SCH-I200
samsung,SCH-I339
samsung,SCH-I500
samsung,SCH-I509
samsung,SCH-I519
samsung,SCH-I535
samsung,SCH-I545
samsung,SCH-I605
samsung,SCH-I619
samsung,SCH-I659
samsung,SCH-I699
samsung,SCH-I739
samsung,SCH-I759
samsung,SCH-I779
samsung,SCH-I829
samsung,SCH-I869
samsung,SCH-I879
samsung,SCH-I915
samsung,SCH-I919U
samsung,SCH-I939
samsung,SCH-I939D
samsung,SCH-I959
samsung,SCH-N719
samsung,SCH-P709
samsung,SCH-P729
samsung,SCH-P739
samsung,SCH-R530M
samsung,SCH-R530U
samsung,SCH-R950
samsung,SCH-R970
samsung,SCH-W2013
samsung,SCH-W789
samsung,SCH-W899
Samsung,SCH-W999
Samsung,SCH-i559
Samsung,SCH-i569
Samsung,SCH-i579
samsung,SCH-i589
samsung,SCH-i809
samsung,SCH-i889
samsung,SCH-i909
samsung,SCH-i919
samsung,SCH-i929
samsung,SCL21
samsung,SGH-I317M
samsung,SGH-I337M
samsung,SGH-I727
samsung,SGH-I727R
samsung,SGH-I727À¶Ìì
samsung,SGH-I747M
samsung,SGH-I897
samsung,SGH-I927
samsung,SGH-I997
samsung,SGH-M919
samsung,SGH-M919V
Samsung,SGH-T499
samsung,SGH-T769
samsung,SGH-T779
samsung,SGH-T889
samsung,SGH-T889V
samsung,SGH-T959
samsung,SGH-T989
samsung,SGH-T999
samsung,SGH-T999L
samsung,SGH-T999V
Samsung,SHV-E110S
samsung,SHV-E120K
samsung,SHV-E120L
samsung,SHV-E120S
samsung,SHV-E140L
samsung,SHV-E150S
samsung,SHV-E160K
samsung,SHV-E160L
samsung,SHV-E160S
samsung,SHV-E170K
samsung,SHV-E170L
samsung,SHV-E170S
samsung,SHV-E210K
samsung,SHV-E210L
samsung,SHV-E210S
samsung,SHV-E220S
samsung,SHV-E250K
samsung,SHV-E250L
samsung,SHV-E250S
samsung,SHV-E270K
samsung,SHV-E270L
samsung,SHV-E270S
samsung,SHV-E300K
samsung,SHV-E300L
samsung,SHV-E300S
samsung,SHV-E300S/K
samsung,SHV-E330
samsung,SHV-E330L
samsung,SHV-E330S
samsung,SHV-E400K
samsung,SHV-E400S
samsung,SHV¨C160s
samsung,SHW-E160
samsung,SHW-M100S
samsung,SHW-M110S
samsung,SHW-M130K
samsung,SHW-M180S
samsung,SHW-M190S
Samsung,SHW-M240S
samsung,SHW-M250K
samsung,SHW-M250L
samsung,SHW-M250S
samsung,SHW-M305W
samsung,SHW-M340
samsung,SHW-M340K
samsung,SHW-M340S
samsung,SHW-M380S
samsung,SHW-M380W
samsung,SHW-M440S
samsung,SHW-M480W
samsung,SM-C101
samsung,SM-T210
samsung,SM-T210R
samsung,SM-T211
samsung,SM-T310
samsung,SM-T311
samsung,SM-T315
samsung,SPH-D710
samsung,SPH-L710
samsung,SPH-L720
samsung,SPH-L900
samsung,SPH-M830
samsung,SPH-M950
samsung,U2013
samsung,YP-G1
samsung,YP-G70
samsung,YP-GI1
samsung,ÄªÊ§¡¤ÄªÍü-I727
samsung,ÃÈÃÈØ¼×¨Êô µÄ i9300
SANGFEI,Philips W336
sansung,N5100
SEMC,LT18i
SEMC,ST18i
SEMC,Xperia Arc S
SEMC,Xperia Ray
Sh!tEricsson,X8
SHARP,DM014SH
SHARP,IS03
SHARP,IS05
SHARP,IS11SH
SHARP,IS14SH
SHARP,SBM003SH
SHARP,SBM005SH
SHARP,SBM006SH
SHARP,SBM007SH
SHARP,SBM007SHJ
SHARP,SBM106SH
SHARP,SBM107SH
SHARP,SH-01D
SHARP,SH-02E
SHARP,SH-06D
SHARP,SH-06E
SHARP,SH-10D
SHARP,SH-12C
Sharp,SH330T
SHARP,SH7218T
SHARP,SH7218U
SHARP,SH72x8U
SHARP,SH8158U
SHARP,SH8168U
SHARP,SH8268U
SHARP,SH8288U
SHARP,SH8298U
SHARP,SH831T
"Shenzhen Chinaleap Electronics Co., Ltd.",ARMM7K
"Shenzhen Chinaleap Electronics Co., Ltd.",S750L
SHMA,SHMA-S2000
SHY,SHY-S88
signal,COLMEI E5
SIMCOM,Lenovo A390e
Sinosgoods,V5G
SLH,SL-1
SmartDevices,S7
SmartDevices,U7
SMN,HYUNDAI H10
SMN,HYUNDAI H11
SND,A26
SND,C05
SND,CK_35
SND,DXWY_S6
SND,E6000
SND,HK188
SND,HL-S3
SND,HONGYUDA
SND,HX_A20
SND,I7100
SND,JEED_E9610
SND,Jeed-E9600
SND,M-II
SND,Mi V18
SND,N7100
SND,PLAYBOY A1
SND,S107
SND,T6198
SND,U6mini
SND,Vilovo-V666
SND,Z1208
SND,ÖªÒÑ1208A
snda.com,Bambook S1
Sony,C1505
Sony,C1605
Sony,C1905
Sony,C2004
Sony,C2105
Sony,C5302
Sony,C5303
Sony,C5502
Sony,C5503
Sony,C6502
Sony,C6503
Sony,C6506
Sony,C6602
Sony,C6603
Sony,C6606
Sony,C6802
Sony,L35h
Sony,L36h
Sony,L39h
Sony,LT22i
Sony,LT25c
Sony,LT25i
Sony,LT26i
Sony,LT28i
Sony,LT29i
Sony,LT30at
Sony,LT30p
Sony,M35c
Sony,M35h
Sony,M35t
Sony,M36h
Sony,MT27i
Sony,NWZ-Z1000Series
Sony,Pitaya
Sony,S36h
Sony,S39h
Sony,SGP311
Sony,SGP341
Sony,SGPT12
Sony,SO-01E
Sony,SO-02E
Sony,SO-03E
Sony,SO-04D
Sony,SO-04E
Sony,SOL21
Sony,ST21i
Sony,ST21i2
Sony,ST23i
Sony,ST25a
Sony,ST25i
Sony,ST26a
Sony,ST26i
Sony,ST27i
Sony,Sony Tablet P
Sony,Sony Tablet S
Sony,XL39h
Sony,Xoom
Sony,Xperia S
Sony,Xperia Sola
Sony,Xperia TX
Sony,Xperia ion
Sony Corporation,NW-Z1000Series
Sony Corporation,NWZ-Z1000Series
Sony Corporation,WALKMAN
Sony Ericsson,E10i
Sony Ericsson,E15a
Sony Ericsson,E15i
Sony Ericsson,E16i
Sony Ericsson,IM-A770K
Sony Ericsson,IS12S
Sony Ericsson,LT15i
Sony Ericsson,LT18a
Sony Ericsson,LT18i
Sony Ericsson,LT22i
Sony Ericsson,LT26i
Sony Ericsson,LT26ii
Sony Ericsson,LT26w
Sony Ericsson,LT28at
Sony Ericsson,LT28h
Sony Ericsson,LT28i
Sony Ericsson,MK16i
Sony Ericsson,MT11i
Sony Ericsson,MT15a
Sony Ericsson,MT15i
Sony Ericsson,MT25i
Sony Ericsson,MT27i
Sony Ericsson,OMS1_6
Sony Ericsson,R800i
Sony Ericsson,SK17i
Sony Ericsson,SO-02D
Sony Ericsson,SO-03D
Sony Ericsson,ST15i
Sony Ericsson,ST17i
Sony Ericsson,ST18i
Sony Ericsson,ST25a
Sony Ericsson,ST25i
Sony Ericsson,ST27i
Sony Ericsson,WT19i
Sony Ericsson,X10i
Sony Ericsson,Z1i
SonyEricsson,WT18i
SOP,SOP-G969
SPHS on Hsdroid,SPHS on Hsdroid
sprd,4G W4
sprd,4G W4
sprd,8610
sprd,9220
sprd,A1
sprd,A12
sprd,A95
sprd,AOLE 622T
sprd,BOWAY I5
sprd,BestsonnyT961
sprd,C88
sprd,COSHIP T71
sprd,CRAVE S2
sprd,ChangHong W6
sprd,CoolPad8010
sprd,CoolPad8028
sprd,D510C
sprd,D8560
sprd,DESAY TS808
sprd,DESAY TS908
sprd,E2
sprd,ET666
sprd,ETON D510
sprd,EX405
sprd,F307
sprd,G368
sprd,GC0898
sprd,GFIVE A79
sprd,GIPO-T100
sprd,GOWAY_I600
sprd,GT-A7100
sprd,GT-I9500
sprd,GT-N9300
sprd,GT-S7562
sprd,GT_I9220
sprd,GT_I9300
sprd,GXQ-G3
sprd,GalasyS4
sprd,GalaxyS4
sprd,HODO i10
sprd,HOOW G2
sprd,HT-G2
sprd,HUAWEI T8500
sprd,HW W518T
sprd,HY2013
sprd,Haier_HT-I600
sprd,Haier_HT-I710
sprd,I950
sprd,I9500
sprd,ISTONE it589TD
sprd,Intki E92
sprd,JUGATE Z1209
sprd,JX0189
sprd,K-Touch T619
sprd,K-Touch T760
sprd,KPT A58T
sprd,L106
sprd,LM-X2
sprd,M2
sprd,M3
sprd,M5
sprd,MASTONE G3
sprd,MC618
sprd,MESSI
sprd,Mi2
sprd,Mytel
sprd,NEWCALL-F2268
sprd,Ouki_A18
sprd,P2000
sprd,Philips T539
sprd,Q101
sprd,Rayhov X3-II
sprd,S570
sprd,S85-B
sprd,SAGA A718
sprd,SAGA A720
sprd,SOAYE-W9
sprd,SOQOO N98
sprd,SPHS on Hsdroid
sprd,Sunup
sprd,SunupG20
sprd,T3100
sprd,T6
sprd,T6188
sprd,T8520
sprd,T858
sprd,T900
sprd,T9108
sprd,T961
sprd,T9988
sprd,TD505
sprd,TD818
sprd,TD818D
sprd,TD8208
sprd,TELSDA T-3696
sprd,U-83
sprd,U890
sprd,UNC-TD100
sprd,UNT 988
sprd,V-HOPE V918
sprd,VIP222
sprd,W9100
sprd,X9 on Hsdroid
sprd,XY100
sprd,YOORD-UF908
sprd,YUSUN T29
sprd,Z9000
sprd,ZX3908
sprd,android
sprd,aomor I5
sprd,aomor I9
sprd,epade A300
sprd,galaxy S4
sprd,intki E92X
sprd,ouki A8
sprd,samkimoke
sprd,senyujie
sprd,sunup XHR001
Spreadtrum,A11
Spreadtrum,BOWAY_V7
Spreadtrum,V18
SUGAR,SS129
Sumsung,GT-S7562
SUNING,E71t
SUNING,P80w
SUNTOP,S5
SUTL,SUTL_CP
SXZ,SXZ-PDX0-01
Symphony,P10_1_XXX_V01.0
SZF-F4,SZF-F4
T3188,T3188
T3288,T3288
T3668,T3668
T5585,T5585
T598,T598
Tab-X 9.7 Retina,Tab-X 9.7 Retina
TAG Heuer,TAGHeuer LINK
TAG Heuer,TAGHeuer RACER
Taifeng,TF-C800
TAIMING,TKSP8M404BK
TAISC,IPHONE5
TAIZHI,C570TZ
TAIZHI,ONN
TCL,E906
TCL,Galaxy Nexus
TCL,TCL A860
TCL,TCL A906
TCL,TCL A968
TCL,TCL J310
TCL,TCLW989
TCL,TCL_A916
TCT,ALCATEL ONE TOUCH 6030D
TCT,ALCATEL ONE TOUCH 8008D
TCT,ALCATEL ONE TOUCH 903
TCT,ALCATEL ONE TOUCH 993D
TCT,ALCATEL one touch 986
TCT,ALCATEL one touch 986+
TCT,ALCATEL_ONE_TOUCH_996
TCT,ALCATEL_one_touch_908M
TCT,ALCATEL_one_touch_927
TCT,ALCATEL_one_touch_979
TCT,ONE TOUCH TAB 8HD
TCT,TCL A506
TCT,TCL A510
TCT,TCL A919
TCT,TCL A986
TCT,TCL A990
TCT,TCL A998
TCT,TCL D920
TCT,TCL J300
TCT,TCL J310
TCT,TCL J610
TCT,TCL P606T
TCT,TCL S300T
TCT,TCL S500
TCT,TCL S520
TCT,TCL S600
TCT,TCL S800
TCT,TCL S820
TCT,TCL S900
TCT,TCL S950
TCT,TCL W969
TCT,TCL Y710
TCT,TCL-D668
TCT,TCL-D706
TCT,TCL-D920
TCT,TCL_A919
TCT,TCL_A966
TCT,TCL_J210
TCT,TCL_W939
Teclast,P85mini(DT8W)
Teclast,P88HD(M2P6)
Teclast,P89mini(E2W6)
Teclast,P98HD(A2Q6)
telechips,ANDROID_HDMI_DONGLE
telechips,GT7220S2
telechips,TCC8920_STB_EV
telechips,Telechips M805S TCC892x eMMC Board
TELSDA,I1000+(MT6589/4CPU)
TELSDA,I1000+(MT6589/4ºË)
TELSDA,I6000W(MT6589/4CPU)
TELSDA,I6000W(MT6589/4ºË)
TELSDA,S600a
TELSDA,T8530
TELSDA,T9220+(MT6589/4CPU)
TETC,TETC-G28
thl,THL V12
ThL,ThL A2
ThL,ThL V11
ThL,ThL V9
ThL,ThL W1
ThL,ThL W11
ThL,ThL W2
ThL,ThL W3
ThL,ThL W5
ThL,ThL W7
ThL,ThL W8
Tianyu,K Touch S757
Tintele,RunboX5-Q-CG
T-Mobile,HTC Magic
TONEWIN,TONEWIN S8510
TONEWIN,TONEWIN S8800
TONGLIN,T90P1
TOOKY,TOOKY T1981PLUS
TOOKY,TOOKY T83
tooky,tooky t1982
TOSHIBA,AT100
TOSHIBA,AT200
TOSHIBA,AT270
T-smart,D08
T-smart,T-smart D28
T-smart,T-smart D58X
T-smart,T-smart D98X
T-smart,T-smart G18
T-smart,T-smart G58
U795,U795
U9,U9 S320
UMI X2,UMI X2
UNISCOPE,FDT C838
UNISCOPE,HT7100+
UNISCOPE,S18
Uniscope,U1203
UNISCOPE,US910
UNISCOPE,V10A
Uniscope,VLAND-EX405T
UNKNOW,LT26i
UNKNOW,LT26w
unknown,100AS
unknown,4S
unknown,8150
unknown,86VEBC
UNKNOWN,9000H
unknown,9151
unknown,9151
unknown,9155
unknown,9155
unknown,A1
unknown,A100
unknown,A106
unknown,A11
unknown,A6388
unknown,A66
unknown,A777
unknown,A8188
unknown,A862W
unknown,A8J
unknown,AIERMA AM-8000
unknown,AMOI_N79+
unknown,ANDROID SMART PHONE
unknown,AOLE 828
unknown,AUX 939+P
unknown,AUX V900P
unknown,AW920
unknown,Android
unknown,Android_A8
unknown,BEE2A
unknown,BFB 4SP
unknown,BF_A11
unknown,Bird AE750
unknown,CZ531
unknown,Coolgen E68+
unknown,Coolpad 7005
unknown,DE-G01
unknown,DOOV_D770
unknown,Desire S
unknown,E620
unknown,E860
unknown,E9005
unknown,EA6910
unknown,EBEST_W66
unknown,EBODY-MIDA9
unknown,ETON T800
unknown,F18
unknown,FDT E5
unknown,FWS610
unknown,FWS710
unknown,Full AOSP on Leopard SOC
unknown,Full AOSP on Panda
unknown,Full Android on Crespo
unknown,G11
unknown,G15
unknown,G18
unknown,G21
unknown,G21+
unknown,G55
unknown,GHONG T618
unknown,GT-I5508
unknown,GT-I9000
unknown,GT-I9100
unknown,GT-S5830
unknown,Galaxy Nexus
unknown,Google Nexus S
unknown,H500
unknown,H701
unknown,HE-N720E
unknown,HEDY_S801
unknown,HKC Quest
unknown,HOSIN V60
unknown,HOSIN_U2
unknown,HOSIN_U3
unknown,HOSIN_U6
unknown,HTC A6390
unknown,HTC EVO 4G
unknown,Haier HW-W910
unknown,Haier-N88W
unknown,I04
unknown,I600
unknown,I60M
unknown,I9000
unknown,I9009A
unknown,I9100
unknown,IHD818
unknown,IncredibleS
unknown,K-Touch E619
unknown,K-Touch S717
unknown,K-Touch U6
unknown,K-Touch W680
unknown,K-Touch W688
unknown,K-Touch W689
unknown,K-Touch W710
unknown,K-Touch W719
unknown,K-Touch W760
unknown,K-Touch W780
unknown,K-Touch W806+
unknown,K-TouchÌìÓïW619 °²×¿µÚÒ»Õ¾
unknown,KAVA V800
unknown,KPT A9
unknown,KT996
unknown,LA-E
unknown,LA-I
unknown,LA-M1
unknown,LA-M2
unknown,Lenovo A500
unknown,Lenovo A60
unknown,Lenovo S2-38AH0
unknown,Lenovo S870e
unknown,M1+
unknown,M6
unknown,M801-W
unknown,M9
unknown,M99
unknown,M99TG-TF
unknown,MALATA Z100A
unknown,MB860
unknown,MC603CH
unknown,MC605ZP
unknown,MEIZU M9
unknown,MI-ONE
unknown,MOMO7Star
unknown,MORAL T16
unknown,MTW20
unknown,Moii E801
unknown,N70
unknown,NM
unknown,NXM727KC_CN
unknown,NewPad
unknown,OCCO_OK518
unknown,OMAP_SS
unknown,OPSSON iMO F4
unknown,OPSSON iMO888
unknown,P8000
unknown,PB-S1
unknown,Pioneer E81c
unknown,Pulid_F2_2
unknown,Q7
unknown,Q9
unknown,QIXINGHE_N6866
unknown,QIXINGHE_S8
unknown,R803
unknown,R807
unknown,Rayhov X3
unknown,S588
unknown,SAMSUNG T81
unknown,SCH-I959
unknown,SCH-N719
unknown,SCH-W2013
unknown,SCH-W999
unknown,SMJ4_S18II
unknown,Samsung T8
unknown,SmartTouch
unknown,Solar Pad
unknown,T4
unknown,T700
unknown,T703
unknown,T710
unknown,T720
unknown,T81
unknown,T889
unknown,T9199+
unknown,T9300i
unknown,TS106
unknown,U1201
unknown,U1203
unknown,U2
unknown,U705
unknown,US969
unknown,US989
unknown,V5
unknown,V71
unknown,VCALL I628
unknown,VINUS V8
unknown,VLAND E2013
unknown,VOTO W5300
unknown,VOTO W6100
unknown,W58SX
unknown,W80
unknown,W80B
unknown,W901
unknown,WPF-W11
unknown,X11
unknown,X8
unknown,X903
unknown,X905
unknown,X920d
unknown,XT6
unknown,Y588
unknown,Z3A
unknown,Z715e
unknown,ZTE-T U812
unknown,ZTE-T U960
unknown,ZTE_N881E
unknown,ZX988
unknown,a9100
unknown,aigoPad
unknown,arima_7701
unknown,bailingweilang
unknown,cm_elite
unknown,e1101_v73_jhgg1ctp
unknown,e1108_v73_hjy1a6w
unknown,e1108_v73_jbl1
unknown,e1109_v13_jwt1
unknown,epade N01
unknown,f680a3
unknown,gaoxinqi
unknown,generic_iM98xx_evb_v4
unknown,iPhone 4S
unknown,leepoo i600
unknown,lenovo A2208
unknown,lenovo2108
unknown,lenovo2208
unknown,msm7627a
unknown,msm8660_topaz
unknown,msm8974
unknown,msm8x25
unknown,nuoyaxin
unknown,opsson iMO 900
unknown,ou701
unknown,ouboxin
unknown,ouqi_key
unknown,samsung/ÈýÐÇT81
unknown,shengqian
unknown,sop
unknown,taurus
unknown,vollo Vi820
unknown,xindiheng_u880
unknown,ÈýÐÇ-T81
unknown,ÈýÐÇGALAXY Tab T100
unknown,ÈýÐÇGALAXY Tab2-P3110i
unknown,»ªÎª S10mini
unknown,ÎÒÎªG.DÇã¾¡ËùÓÐØ¼
unknown,ÁªÏë-T8
Unkown,GO M3
USMART,CL700
USmart,SMIS S9
V98-Vilovo,Vilovo-V98
Vanilla,CT972 Dual Vanilla
Vertu,VERTU Ti
Victorys_V8,Victorys_V8
VIEWSONIC,N710
ViewSonic,ViewPad 7D
ViewSonic,ViewSonic Q8
VINUS,SAST i5
Vollo,Vx93
VOTO,W7200
Vsun,Vsun i1
Vsun,Vsun i9
vtel,vtel i9
W109,W109
W20,W20
"Wan Jie Information Technology Co., Ltd",H1979
WH808,WH808
WIKO,CINK FIVE
Wiko,WIKO-CINK SLIM
WIL,MING_SII
WINGTECH,P9100
wishway,D621
wishway,D629
wishway,N616
WLS,X1
WST,K-Touch U7
xd,HP288
XDL,A7
XDL,N9
XiangDe,XO Learning tablet
xiaomanyao-S350,xiaomanyao-S350
Xiaomi,2013022
Xiaomi,C8812
Xiaomi,MI 2
Xiaomi,MI 2A
Xiaomi,MI 2S
Xiaomi,MI 2SC
Xiaomi,MI-ONE C1
Xiaomi,MI-ONE Plus
Xiaomi,MI2
Xiaomi,Mione Plus
Xiaomi,hongmi
Xiaomi Digital,MiBOX1S
xinwei,Mi108
XUANZHI,S2-A
XXF,XXF F9
XXXXX,XXXXX
XZJ,M2
XZJ,android
YG,A777
YG,Android for YG A700 Board
YIDING,SCH-I939D
YIFANG,HAM767ND_A
YIFANG,M1010FP
YK810,YK810
ylt,SAST S1000
YM,F888
YM,TG999
yuandao,N101RK
yuandao,N70
yuandao,N80RK
yuandao,Q5
YuanFeng,YFPI08
YuLong,5110
YuLong,5110
YuLong,5230
YuLong,5832
YuLong,5832
YuLong,5855
YuLong,5860
YuLong,5860
YuLong,5860A
YuLong,5860S
YuLong,5870
YuLong,5876
YuLong,5880
YuLong,5910
YuLong,7230
YuLong,7230-B
YuLong,7260
YuLong,7260A
YuLong,7266
yulong,8020
yulong,8020
yulong,8022
yulong,8022
yulong,8060
yulong,8060
yulong,8077
yulong,8077
YuLong,8085
YuLong,8150D
YuLong,8180
YuLong,8180
YuLong,8185
YuLong,8190
YuLong,8190Q
YuLong,8195
YuLong,8295
YuLong,8295
YuLong,8710
YuLong,8720
YuLong,8730
YuLong,8730
yulong,8810
yulong,8810
YuLong,8870
YuLong,8950
YuLong,9100
YuLong,9120
YuLong,9120
YuLong,9900
YuLong,9900
YuLong,9930
YuLong,9930
YuLong,CoolPad8013
YuLong,CoolPad8026
YuLong,CoolPad8809
YuLong,Coolpad 5010
YuLong,Coolpad 5216S
YuLong,Coolpad 5879
YuLong,Coolpad 5890
YuLong,Coolpad 5891
YuLong,Coolpad 5930
YuLong,Coolpad 5950
YuLong,Coolpad 7268
YuLong,Coolpad 7269
yulong,Coolpad 8060
YuLong,Coolpad 8122
YuLong,Coolpad 8190
YuLong,Coolpad 9070
YuLong,Coolpad 9150
yulong,Coolpad W706+
YuLong,Coolpad7728
YuLong,Coolpad8050
YuLong,Coolpad8720Q
YuLong,Coolpad8750
YuLong,D530
YuLong,D539
YuLong,E239
YuLong,N930
YuLong,N950
YuLong,YL-Coolpad 5216
YuLong,YL-Coolpad 9960
YUSUN,LA-M1-1
YUSUN,LA-M2
Yusun,LA-Q1
Yusun,W708
Yusun,W88
YUSUN,YUSUN E60
Yusun,YUSUN W306
Yusun,YUSUN W706
YUSUN,yusun E70
Yusun E88,Yusun E88
Z6,Z6
Z6,Z6_WVGA_LC
Z7,Z7
Z7,Z7_HVGA_XHJ
Z7_ZC_BRAND,Z7_ZC_BRAND
ZB,ZB F9
ZD,ZD
ZDREAL,I1000W(MT6589/4ºË)
ZHANE,FLY-N9
ZHANE,FLY-S1
ZHD,QPAD X3
ZhiQi,SmartQT13
ZI-V6,ZI-V6
ZK,G7
ZK3,G_7C
ZOPO,ZP200
ZOPO,ZP500
ZOPO,ZP500+
Zopo,Zopo Zp500ro.product.brand=Zopo
ZORA,ZORA A8
ZTE,350
ZTE,8150
ZTE,Acqua
ZTE,BLADEII
ZTE,Blade
ZTE,C918
ZTE,Grand S Flex
ZTE,HTC One XT s720t
ZTE,LV918
zte,N8010_APT
ZTE,Samsung i9300
ZTE,Skate
ZTE,SmartTab10
ZTE,U880
ZTE,U880E
ZTE,V71B
zte,V880
ZTE,V881
ZTE,Z992
ZTE,ZTE Grand S
ZTE,ZTE N5
ZTE,ZTE N790S
ZTE,ZTE N798
ZTE,ZTE N798+
ZTE,ZTE N807
ZTE,ZTE N818
ZTE,ZTE N855D
ZTE,ZTE N880E
ZTE,ZTE N880F
ZTE,ZTE N880G
ZTE,ZTE N881E
ZTE,ZTE N881F
ZTE,ZTE N882E
ZTE,ZTE N900
ZTE,ZTE N909
ZTE,ZTE N919
ZTE,ZTE N960
ZTE,ZTE N970
ZTE,ZTE N980
ZTE,ZTE N983
ZTE,ZTE N986
ZTE,ZTE T60
ZTE,ZTE T82
ZTE,ZTE U5
ZTE,ZTE U5S
ZTE,ZTE U788
ZTE,ZTE U788+
ZTE,ZTE U790
ZTE,ZTE U791
ZTE,ZTE U791(OPEN)
ZTE,ZTE U792
ZTE,ZTE U793
ZTE,ZTE U795
ZTE,ZTE U795+
ZTE,ZTE U807
ZTE,ZTE U808
ZTE,ZTE U817
ZTE,ZTE U880
ZTE,ZTE U880E
ZTE,ZTE U880F
ZTE,ZTE U880F1
ZTE,ZTE U880s
ZTE,ZTE U880s2
ZTE,ZTE U885
ZTE,ZTE U887
ZTE,ZTE U930
ZTE,ZTE U930HD
ZTE,ZTE U950
ZTE,ZTE U956
ZTE,ZTE U960E
ZTE,ZTE U960s2
ZTE,ZTE U960s3
ZTE,ZTE U970
ZTE,ZTE U9810
ZTE,ZTE U9815
ZTE,ZTE U985
ZTE,ZTE V788D
ZTE,ZTE V818
ZTE,ZTE V889D
ZTE,ZTE V889F
ZTE,ZTE V889M
ZTE,ZTE V889S
ZTE,ZTE V955
ZTE,ZTE V956
ZTE,ZTE V965
ZTE,ZTE V967S
ZTE,ZTE V970
ZTE,ZTE V975
ZTE,ZTE V9800
ZTE,ZTE V985
ZTE,ZTE V987
ZTE,ZTE V988
ZTE,ZTE-BLADE
ZTE,ZTE-C N600
ZTE,ZTE-C N600+
ZTE,ZTE-C N700
ZTE,ZTE-C N760
ZTE,ZTE-C N780
ZTE,ZTE-C N880
ZTE,ZTE-C N880S
ZTE,ZTE-C R750
zte,ZTE-C X500
ZTE,ZTE-T T98
ZTE,ZTE-T U802
ZTE,ZTE-T U805
ZTE,ZTE-T U812
ZTE,ZTE-T U830
ZTE,ZTE-T U880
ZTE,ZTE-T U960s
ZTE,ZTE-U V880
ZTE,ZTE-U V881
ZTE,ZTE-U V960
ZTE,ZXY-ZTE_V6700
ZTE,myPad P3
ZTE,myPadP4
ZTE,raise
ZTE,Ð¡Ã×3 £¨MIUI V5£©
ZWX,9300+
ZWX,H9600+
ZWX,ZP600
ZWX,ZP808
ZWX,ZP900
ZWX,ZP950H
ZWX,ZP980
ZY,ZY
